id,Edition name,Author Name (of Original Work),Philosophical/Artistic Direction,Content Description
1,Digitale Edition der Handschrift Cod. Guelf. 64 Weiss.,Not specified (Anonymous),Medieval Theological/Scholarly,"A digital facsimile and transcription of the Weissenburg manuscript, a significant 8th-century collection of catechetical texts, creeds, and glossaries."
2,The Thomas Gray Archive,Thomas Gray,"Pre-Romanticism, Graveyard Poetry","A comprehensive archive of the 18th-century poet's complete poems, selected prose, and correspondence, including his famous ""Elegy Written in a Country Churchyard."""
3,A critical edition of the poetry of Dafydd ap Gwilym,Dafydd ap Gwilym,Medieval Welsh Poetry,"A scholarly collection of the complete works of the 14th-century Welsh bard, known for his innovative nature poetry and love lyrics."
4,Saint Patrick's Confessio,Saint Patrick,Christian Hagiography,"The autobiographical writings of Ireland's patron saint, detailing his captivity, escape, and missionary work, presented in Latin with translations."
5,Liber Matriculae - Il libro della matricola dei notai di Vercelli,Not specified (Notaries),Legal/Administrative Records,"A digital edition of the register of notaries from Vercelli, offering insights into medieval Italian legal administration and professional organization."
6,Correspondance de Pierre Bayle,Pierre Bayle,Early Enlightenment Philosophy,"The extensive correspondence of the French philosopher, covering theological debates, literary criticism, and the circulation of ideas in the Republic of Letters."
7,Vindolanda Tablets Online,Not specified (Roman Soldiers),Roman Military Epigraphy,"Thin wood tablets serving as the oldest surviving handwritten documents in Britain, revealing details of Roman military life and administration."
8,Vindolanda Tablets Online II,Not specified (Roman Soldiers),Roman Military Epigraphy,"A continuation of the project digitizing further discoveries of wooden tablets from the Vindolanda fort, expanding the corpus of Roman military correspondence."
9,"Bérardier de Bataut, Essai sur le récit, Entretiens sur la manière de raconter",Jean-Baptiste Bérardier de Bataut,18th Century Rhetoric,"A critical edition of an 18th-century treatise on the art of storytelling and narrative theory, exploring the mechanics of oral and written recitals."
10,Codex Sinaiticus,Not specified (Biblical Scribes),Biblical Text (Septuagint/NT),"One of the oldest and most important biblical manuscripts, containing the Greek Old Testament (Septuagint) and the complete New Testament."
11,"The Saint-Aubins ""Book of Arses"": The Livre de Caricatures tant bonnes que mauvaises",Gabriel de Saint-Aubin,"Rococo Art, Caricature","A digitized sketchbook by the 18th-century artist featuring satirical and humorous caricatures, offering a rare glimpse into the irreverent side of Rococo art."
12,Catullus Online,Gaius Valerius Catullus,Latin Lyric Poetry,"A critical repertory of conjectures on the text of Catullus's poems, compiling scholarly emendations and textual variants from the Renaissance to the present."
13,Digital edition of the Old Church Slavonic Codex Suprasliensis,Not specified (Scribes),Old Church Slavonic Hagiography,"A digital reunification of the 10th-century Codex Suprasliensis, the largest surviving Old Church Slavonic manuscript, containing saints' lives and homilies."
14,Becerro Galicano of San Millán de la Cogolla,Not specified (Monks),Medieval Cartulary,"A digital edition of the cartulary from the San Millán monastery, a crucial source for medieval Spanish history, linguistics, and paleography."
15,The Durham Liber Vitae Project,Not specified (Monks),Medieval Ecclesiastical Records,"A comprehensive edition of the ""Book of Life"" from Durham Cathedral, listing the names of thousands of benefactors and community members from the 9th to the 16th century."
16,Samuel Beckett Digital Manuscript Project,Samuel Beckett,Modernist/Absurdist Drama,"A genetic edition of Beckett's works, presenting digital facsimiles and transcriptions of his manuscripts to trace the evolution of his texts."
17,Euripides Scholia,Not specified (Scholars),Classical Greek Commentary,"An edition of the ancient and medieval marginal commentaries (scholia) on the plays of Euripides, providing essential context for the interpretation of Greek tragedy."
18,Heimskringla,Snorri Sturluson,Old Norse Sagas,"A collection of sagas about the Norwegian kings, written in Old Norse, blending history, genealogy, and legend."
19,Partonopeus de Blois,Not specified (Anonymous),Medieval French Romance,"An electronic edition of the 12th-century Old French romance Partonopeus de Blois, a hybrid of Arthurian legend and classical mythology."
20,Henry III Fine Rolls Project,Not specified (Royal Clerks),Medieval Administrative Records,"A calendar and edition of the Fine Rolls of Henry III, recording payments made to the King for concessions and offering detailed insights into 13th-century governance."
21,Die Briefwechsel der Mathematiker Bernoulli,Bernoulli family,Early Modern Science,"The collected correspondence of the famous Bernoulli family of mathematicians, documenting the development of calculus and physics in the 17th and 18th centuries."
22,La Famiglia dell'Antiquario,Carlo Goldoni,18th Century Italian Comedy,"A digital text of Goldoni's comedy about an obsessive collector, highlighting the conflict between old-world obsession and practical family life."
23,Die Glossen Ekkeharts IV. im Codex Sangallensis 621,Ekkehard IV of St. Gall,Medieval Scholarly Commentary,"An edition of the interlinear and marginal glosses by Ekkehard IV on the text of Orosius, serving as a key source for medieval education and Latinity."
24,Inscriptions of the Northern Black Sea (IOSPE),Not specified (Inscribers),Classical Epigraphy,"A corpus of ancient Greek and Latin inscriptions found on the northern coast of the Black Sea, documenting the history of the Bosporan Kingdom and Greek colonies."
25,La Entretenida Digital Edition,Miguel de Cervantes,Spanish Golden Age Theater,"A multimedia edition of Cervantes' play La Entretenida, featuring the text alongside performance materials and scholarly commentary."
26,A Survey of the Cities of London and Westminster by John Strype,John Strype,Early Modern Urban History,"A digital version of Strype's 1720 update to Stow's survey, providing a detailed topographical and historical description of early 18th-century London."
27,Letters of William Herle Project,William Herle,Early Modern Political Correspondence,"The correspondence of an Elizabethan intelligencer and diplomat, offering a behind-the-scenes look at 16th-century espionage and politics."
28,The Diplomatic Correspondence of Thomas Bodley,Thomas Bodley,Early Modern Diplomacy,The letters of the founder of the Bodleian Library during his time as Queen Elizabeth's ambassador to the Netherlands.
29,The Hooke Folio Online,Robert Hooke,Early Modern Science,"A transcription of the recently discovered folio of Robert Hooke, containing minutes of the Royal Society and personal scientific notes."
30,The Workdiaries of Robert Boyle,Robert Boyle,Early Modern Science,"A digital edition of the laboratory notebooks and workdiaries of the father of modern chemistry, documenting his experiments and thought processes."
31,Jonathan Swift Archive,Jonathan Swift,Augustan Satire,"An archive containing transcriptions and facsimiles of Swift's major prose works, including Gulliver's Travels and A Tale of a Tub."
32,The St Gall Priscian Glosses,Not specified (Irish Scholars),Medieval Linguistics,"A database of the thousands of Old Irish glosses found in the St. Gall manuscript of Priscian's Latin grammar, a crucial source for Celtic philology."
33,Nietzsche Source,Friedrich Nietzsche,19th-Century Philosophy,"A comprehensive digital archive of Nietzsche's complete works, posthumous fragments, and correspondence, based on the critical Colli-Montinari edition."
34,Early Irish Glossaries Database,Not specified (Irish Scholars),Medieval Lexicography,"A searchable database of medieval Irish glossaries (Sanas Cormaic, O'Mulconry's Glossary), which explain difficult or archaic words in early Irish literature."
35,The Holinshed Project,Raphael Holinshed,Early Modern History,"A parallel text edition of the 1577 and 1587 editions of Holinshed's Chronicles, the primary source for many of Shakespeare's history plays."
36,Alciato's Book of Emblems,Andrea Alciato,Renaissance Emblem Literature,"A comparative edition of the various printings of Alciato's Emblematum Liber, the foundational text of the Renaissance emblem tradition."
37,Electronic Variorum Edition of the Quixote,Miguel de Cervantes,Spanish Golden Age Novel,"A digital variorum edition of Don Quixote, allowing users to compare the text of the first editions with subsequent significant printings."
38,Corpus Rhythmorum Musicum (SAEC. IV-IX) I,Not specified (Various),Medieval Latin Poetry/Music,"A critical edition of non-liturgical Latin songs from late antiquity and the early Middle Ages, focusing on the interplay between text and music."
39,The Book of Ben Sira,Jesus ben Sira,Biblical Wisdom Literature,"A project presenting the Hebrew manuscripts of the Book of Ben Sira (Ecclesiasticus) found in the Cairo Genizah and Masada, alongside translations."
40,Christine de Pizan: The Making of the Queen's Manuscript,Christine de Pizan,Medieval Courtly Literature,"A digital facsimile and analysis of Harley MS 4431, the collected works of Christine de Pizan presented to Queen Isabeau of Bavaria."
41,Corpus of the Inscriptions of Campā (CIC),Not specified (Inscribers),Southeast Asian Epigraphy,"A collection of Sanskrit and vernacular inscriptions from the ancient Kingdom of Champa (modern Vietnam), documenting its political and religious history."
42,Dante Online,Dante Alighieri,Medieval Italian Poetry,"A digital library containing the complete works of Dante Alighieri in the original Italian, accompanied by search tools and critical apparatus."
43,Darwin Correspondence Project,Charles Darwin,19th Century Science,"The complete correspondence of Charles Darwin, providing essential context for the development of his theory of evolution and his scientific network."
44,De Trein der Traagheid,Johan Daisne,20th Century Dutch Literature,"A scholarly electronic edition of Daisne's magic realist novel, allowing for the comparison of different textual versions and manuscript stages."
45,Early Stuart Libels,Not specified (Anonymous),Early Modern Political Satire,"A web-based edition of subversive poetry and political libels from the reigns of James I and Charles I, circulating in manuscript form."
46,Folger Shakespeare Editions,William Shakespeare,Renaissance Drama,"High-quality, searchable digital texts of Shakespeare's plays and poems, edited by the Folger Shakespeare Library for scholars and the general public."
47,Frankenstein,Mary Shelley,Romanticism/Gothic,A comparative edition allowing users to view the 1818 and 1831 editions of Frankenstein alongside the original manuscript drafts.
48,Glossae.net,Not specified (Scholars),Medieval Latin Commentary,"A resource dedicated to the study of medieval biblical and legal glosses, providing digital editions of these complex, multi-layered texts."
49,Heinrich-Heine Portal,Heinrich Heine,German Romanticism,"A digital gateway to the complete works and correspondence of Heinrich Heine, integrating the secular historical-critical edition with digital tools."
50,Henrik Ibsens Skrifter,Henrik Ibsen,19th Century Drama,"The complete writings of the Norwegian playwright Henrik Ibsen, including plays, poems, letters, and non-fiction prose, with critical commentary."
51,Mark Twain Project,Mark Twain,19th Century American Literature,"A massive critical edition of Mark Twain's private papers, letters, and published works, offering unprecedented access to his writing process."
52,Niccolò Canussio: De restitutione patriae,Niccolò Canussio,Renaissance Humanist Rhetoric,An electronic edition of a 15th-century humanist dialogue advocating for the restoration of the patriarchal see of Aquileia to Udine.
53,Queste del Saint Graal,Not specified (Anonymous),Medieval French Romance,"A digital edition of the Quest for the Holy Grail, part of the Lancelot-Grail cycle, focusing on the spiritual journey of Galahad."
54,The Auchinleck manuscript,Not specified (Compilers),Medieval English Romance,"A digital facsimile and transcription of the Auchinleck Manuscript, a key source for Middle English romances that likely influenced Chaucer."
55,The Casebooks Project,Simon Forman & Richard Napier,Early Modern Medicine/Astrology,"A digital edition of the astrological medical records of two 17th-century practitioners, documenting thousands of consultations with ordinary people."
56,The Confessions of Augustine: An Electronic Edition,Augustine of Hippo,Late Antique Theology,"A hypertext edition of Augustine's spiritual autobiography, featuring the Latin text with links to commentary and biblical references."
57,The Derveni Papyrus,Not specified (Commentator),Ancient Greek Philosophy,"An edition of the oldest surviving European ""book,"" a papyrus roll containing an allegorical commentary on an Orphic poem."
58,The Gospel according to St. John,Not specified (Evangelist),Biblical Text,"A critical editing project focused on the Greek manuscripts of the Gospel of John, aiming to reconstruct the text's transmission history."
59,The Proceedings of the Old Bailey,Not specified (Court Recorders),Early Modern Legal History,"A fully searchable edition of the proceedings of London's central criminal court from 1674 to 1913, documenting the lives of non-elite citizens."
60,The Richard Brome Project,Richard Brome,Caroline Drama,"A scholarly online edition of the complete plays of Richard Brome, a 17th-century playwright and former servant of Ben Jonson."
61,The Svoboda Diary Project,Alexander Svoboda,19th Century Travelogue,"The personal diaries of a 19th-century teenager traveling from Baghdad to Europe, offering a unique perspective on the Ottoman Empire."
62,William Godwin's Diary,William Godwin,Romantic Radicalism,"A digital transcription of the diary kept by the philosopher William Godwin for 48 years, recording his reading, writing, and social interactions."
63,The Augsburg Web Edition of Llull's Electoral Writings,Ramon Llull,Medieval Philosophy,"A digital edition of Llull's works on voting theory and electoral systems, texts that anticipate modern social choice theory by centuries."
64,Digital Mishnah,Not specified (Rabbis),Rabbinic Judaism,"A project to create a dynamic critical edition of the Mishnah, the first major written collection of the Jewish oral traditions (Oral Torah)."
65,The Online Critical Pseudepigrapha,Not specified (Various),Ancient Religious Texts,"An electronic publication of the Pseudepigrapha, ancient Jewish and Christian religious texts that were not included in the biblical canon."
66,Dead Sea Scrolls,Not specified (Scribes),Ancient Jewish Religious Texts,"A high-resolution digital library of the Dead Sea Scrolls, allowing users to examine these ancient biblical and sectarian manuscripts in detail."
67,Editions of the Registers of the counts of Holland 1299-1345,Not specified (Clerks),Medieval Administrative Records,"A digital edition of the chancery registers of the Counts of Holland, providing crucial data on the administration of the medieval Low Countries."
68,Quijote Interactivo,Miguel de Cervantes,Spanish Golden Age Novel,"An interactive digital version of the first edition of Don Quixote held by the National Library of Spain, enriched with multimedia content."
69,The Journals of the Lewis and Clark Expedition,Lewis and Clark,19th Century Exploration,"The complete journals of the Corps of Discovery's expedition across the western United States, featuring their observations on geography, flora, and fauna."
70,Electronic Boethius CDROM,Alfred the Great (Translator),Anglo-Saxon Prose,"A digital edition of the Old English translation of Boethius's Consolation of Philosophy, traditionally attributed to King Alfred the Great."
71,James Mill's Common Place Books,James Mill,Utilitarian Philosophy,"An edition of the intellectual notebooks of the Scottish philosopher and historian James Mill, revealing the sources and development of his thought."
72,A trial electronic edition of the Preface to 'Ancrene Wisse',Not specified (Anonymous),Middle English Religious Prose,"A pilot project presenting the preface of Ancrene Wisse, a guide for female anchorites, testing TEI markup for medieval manuscripts."
73,Digital Nestle-Aland,Nestle-Aland (Editors),Biblical Textual Criticism,"The digital version of the Novum Testamentum Graece, the standard scholarly edition of the Greek New Testament used by translators and theologians."
74,Orlando Furioso Hypertext,Ludovico Ariosto,Renaissance Epic Poetry,"A hypertextual tool for studying Ariosto's Orlando Furioso, enabling the tracking of characters, themes, and narrative threads across the epic."
75,The Vergil project,Virgil,Classical Latin Epic,"An interactive resource for studying the works of Virgil, particularly the Aeneid, with linked texts, commentaries, and translations."
76,Cantar de mio Cid,Not specified (Anonymous),Medieval Spanish Epic,"A digital presentation of the unique manuscript of the Poema de mio Cid, the foundational text of Spanish literature, with audio and images."
77,The Aberdeen Bestiary,Not specified (Anonymous),Medieval Bestiary,"A complete digital facsimile and transcription of a lavishly illuminated 12th-century bestiary, describing animals and their moral allegories."
78,M. Valerii Martialis Epigrammaton Liber IV,Martial,Classical Latin Satire,"A critical digital edition of the fourth book of Martial's Epigrams, known for their wit, satire, and vivid depiction of Roman life."
79,P. Ovidii Nasonis Heroides I,Ovid,Classical Latin Poetry,"A commentary and text of Ovid's first Heroide (Penelope to Ulysses), exploring the genre of the fictional poetic letter."
80,Sexti Propertii Elegiae,Propertius,Classical Latin Elegy,"A digital edition of the elegies of Propertius, focusing on his complex love poetry and mythological allusions."
81,Sulpiciae Conquestio,Sulpicia (Pseudo),Classical Latin Elegy,"An edition of a short satirical poem often attributed to Sulpicia, complaining about the state of the age under Domitian."
82,Claudii Claudiani Carmina Latina,Claudian,Late Antique Latin Poetry,"A collection of the Latin poems of Claudian, the last major poet of the Western Roman Empire, including his political panegyrics."
83,D. Iunii Iuvenalis Saturae,Juvenal,Classical Latin Satire,"An electronic text of Juvenal's Satires, the bitter and ironic poems that critique the corruption and vices of Roman society."
84,Codice Diplomatico della Lombardia Medievale,Not specified (Notaries),Medieval Administrative Records,"A massive collection of charters and diplomatic documents from medieval Lombardy, essential for the study of northern Italian history."
85,Geoffrey Chaucer's Book of the Duchess: A Hypertext Edition,Geoffrey Chaucer,Middle English Poetry,"A hypertext edition of Chaucer's earliest major poem, an elegy for Blanche of Lancaster, designed to explore its textual variants."
86,Inscriptiones Graecae in Croatia Repertae (IGCR),Not specified (Inscribers),Ancient Greek Epigraphy,"A digital corpus of Greek inscriptions found in the territory of modern Croatia, documenting the Greek presence on the Adriatic coast."
87,The Gascon Rolls Project,Not specified (Royal Clerks),Medieval Administrative Records,"A calendar and edition of the Gascon Rolls, recording the English administration of the Duchy of Aquitaine (Gascony) from 1317 to 1468."
88,The Hengwrt Chaucer Digital Facsimile,Geoffrey Chaucer,Middle English Poetry,"High-resolution images and transcripts of the Hengwrt manuscript of the Canterbury Tales, considered one of the most textually accurate early copies."
89,Carl-Maria-von-Weber-Gesamtausgabe,Carl Maria von Weber,Romantic Music,"A complete critical edition of the musical works, letters, and diaries of the composer Carl Maria von Weber."
90,Livingstone's 1871 Field Diary,David Livingstone,19th Century Exploration,"A multispectral imaging project recovering the faded text of Livingstone's field diary from 1871, written on newspaper scraps in berry juice."
91,Hyperdonat,Aelius Donatus,Late Antique Grammar,"A hypertext edition of the commentaries on Terence attributed to the grammarian Donatus, exploring the history of Latin scholarship."
92,Inscriptions of Aphrodisias Project,Not specified (Inscribers),Classical/Byzantine Epigraphy,"A complete digital corpus of the inscriptions from the ancient city of Aphrodisias in Turkey, covering the Roman and Byzantine periods."
93,Inscriptions of Roman Cyrenaica,Not specified (Inscribers),Classical Epigraphy,A comprehensive collection of Greek and Latin inscriptions from the Roman province of Cyrenaica (modern Libya).
94,Inscriptions of Roman Tripolitania,Not specified (Inscribers),Classical Epigraphy,"A digital edition of the inscriptions from Roman Tripolitania (western Libya), updating the standard printed corpus with new finds."
95,e-sequence: Digital Edition of the Saint Gall corpus of Sequences,Notker Balbulus,Medieval Liturgy/Music,"A critical edition of the sequences (liturgical chants) composed by the monk Notker of St. Gall, integrating text and music."
96,Phineas Fletcher's Sylva Poetica,Phineas Fletcher,Neo-Latin Poetry,An edition of the Latin poetry collection Sylva Poetica by the 17th-century English poet Phineas Fletcher.
97,The Latin Prose and Poetry of Joseph Addison,Joseph Addison,Neo-Latin Literature,"A collection of the Latin writings of the essayist Joseph Addison, showcasing his classical learning and poetic skill."
98,History in the Making: Flaubert's L'Education Sentimentale,Gustave Flaubert,19th Century Novel,"A genetic edition of a specific chapter of L'Éducation sentimentale, visualizing the complex drafting process of Flaubert's manuscript."
99,An electronic corpus of 15th century Castillian canconiero manuscripts,Not specified (Poets),Medieval Spanish Poetry,"A digital archive of the cancioneros, the songbooks that preserved the courtly lyric poetry of 15th-century Castile."
100,"Galenus' commentary on Hippocrates' ""On the articulations""",Galen,Ancient Medicine,"An edition of the Arabic translation of Galen's commentary on Hippocrates' treatise on joints, critical for the history of medicine."
101,Edition der falschen Kapitularien des Benedictus Levita,Benedictus Levita,Medieval Canon Law,"A scholarly edition of the False Capitularies, a famous 9th-century forgery of church law attributed to a fictitious deacon named Benedict."
102,The Royal Inscriptions of the Neo-Assyrian Period,Not specified (Scribes),Ancient Near Eastern Epigraphy,"A standardized online corpus of the royal inscriptions of the Neo-Assyrian kings, recording their military campaigns and building projects."
103,Book of Margery Kempe,Margery Kempe,Medieval Mysticism,"A digital facsimile and transcription of the unique manuscript of The Book of Margery Kempe, the earliest autobiography in English."
104,William of Ockham: Dialogus,William of Ockham,Medieval Political Philosophy,"An edition of Ockham's Dialogus, a major treatise on heresy, papal power, and the rights of subjects vs. rulers."
105,Domesday Explorer,Not specified (Scribes),Medieval Administrative Records,"A digital database of the Domesday Book, the great survey of England commissioned by William the Conqueror in 1086."
106,Chopin's First Editions Online,Frédéric Chopin,Romantic Music,"A digital resource uniting all the diverse first impressions of Chopin's music from his original French, German, and English publishers."
107,Jane Austen's Fiction Manuscripts,Jane Austen,Regency Literature,"A digital reunification of all surviving fiction manuscripts of Jane Austen, allowing study of her drafting and editing process."
108,The Walt Whitman Archive,Walt Whitman,19th Century American Poetry,"An exhaustive archive of Whitman's work, including all editions of Leaves of Grass, manuscripts, notebooks, and correspondence."
109,Schenker Documents Online,Heinrich Schenker,Music Theory,"An edition of the personal papers, diaries, and lesson books of the influential music theorist Heinrich Schenker."
110,Online Chopin Variorum Edition,Frédéric Chopin,Romantic Music,A tool for comparing the various early printed sources of Chopin's music to analyze textual discrepancies and evolutionary changes.
111,John Foxe's The Acts and Monuments Online,John Foxe,Early Modern History,"A digital edition of the four massive unabridged editions of Foxe's ""Book of Martyrs"" published during his lifetime."
112,Oregon Petrarch Open Book Project,Francesco Petrarca,Renaissance Humanism,"A hypertext edition of Petrarch's Canzoniere (Rerum vulgarium fragmenta), exploring the structure and imagery of his sonnet sequence."
113,Conclusiones CM,Giovanni Pico della Mirandola,Renaissance Philosophy,"A digital text of the 900 Theses proposing a universal syncretism of philosophy and religion, for which Pico was accused of heresy."
114,Decameron Web,Giovanni Boccaccio,Medieval Italian Prose,"A comprehensive project dedicated to the Decameron, featuring the text, translations, historical context, and critical essays."
115,Pico della Mirandola: De hominis dignitate,Giovanni Pico della Mirandola,Renaissance Philosophy,"An edition of the Oration on the Dignity of Man, the famous ""manifesto of the Renaissance"" defending human free will and potential."
116,Inscriptions of Israel/Palestine,Not specified (Inscribers),Ancient Epigraphy,"A database of inscriptions from the region of Israel/Palestine dating from the Persian period to the Islamic conquest, in multiple languages."
117,Parzival-Projekt,Wolfram von Eschenbach,Medieval German Romance,"A comprehensive electronic edition of the medieval Grail romance Parzival, presenting facsimiles and transcriptions of all major manuscripts."
118,Decameron Ipertestuale,Giovanni Boccaccio,Medieval Italian Prose,A hypertextual edition of the Decameron focusing on the intertextual and structural relationships within the narrative collection.
119,Percy Bysshe Shelley: The Devil's Walk,Percy Bysshe Shelley,Romantic Poetry,"An edition of Shelley's broadside ballad ""The Devil's Walk,"" a satire on the British government and social conditions."
120,Poems by Anna Laetitia Aikin,Anna Laetitia Barbauld,18th Century Poetry,A digital edition of the 1773 collection of poems that launched the career of the influential writer and dissenter Anna Laetitia Barbauld.
121,The Letters of Robert Bloomfield,Robert Bloomfield,Romantic Poetry,"The collected correspondence of the ""peasant poet"" Robert Bloomfield, shedding light on working-class literary life in the Romantic era."
122,The Shelley-Godwin Archive,Shelley & Godwin,Romantic Literature,"An archive digitizing the manuscripts of Percy Bysshe Shelley, Mary Shelley, William Godwin, and Mary Wollstonecraft."
123,Thomas Lovell Beddoes: The Brides' Tragedy,Thomas Lovell Beddoes,Romantic Drama,"An edition of Beddoes' macabre and Jacobean-influenced tragedy, exploring themes of love, murder, and the supernatural."
124,The Online Froissart,Jean Froissart,Medieval History,"A digital edition of Froissart's Chronicles, a major source for the Hundred Years' War, presenting the text alongside manuscript illuminations."
125,Welsh Prose 1350-1425,Not specified (Various),Medieval Welsh Prose,"A corpus of Middle Welsh prose texts, providing a basis for linguistic analysis and the study of Welsh narrative tradition."
126,The Newton Project,Isaac Newton,Early Modern Science,"A complete online edition of Newton's writings, including his scientific masterpieces as well as his extensive theological and alchemical papers."
127,Vercelli Book Digitale,Not specified (Compilers),Anglo-Saxon Literature,"A digital facsimile and edition of the Vercelli Book, one of the four major poetic codices of Old English literature."
128,I testimoni della Vita Nova,Dante Alighieri,Medieval Italian Poetry,"A project analyzing the manuscript tradition of Dante's Vita Nova, his prosimetrum about his love for Beatrice."
129,"Frankenstein; or, the Modern Prometheus",Mary Shelley,Romantic Fiction,"A specialized resource focusing on the text of Frankenstein, offering widely accessible versions and scholarly contexts."
130,Livingstone Online,David Livingstone,19th Century Exploration,"A digital museum and library dedicated to the life and work of David Livingstone, featuring his field diaries, letters, and maps."
131,Edizione Critica Ipertestuale dello Zibaldone Laurenziano,Giovanni Boccaccio,Medieval Scholarship,"A critical hypertext edition of the Zibaldone Laurenziano, Boccaccio's personal autograph notebook containing literary and student texts."
132,A Social Edition of the Devonshire MS,Not specified (Tudor Court),Early Modern Poetry,"An edition of a verse miscellany compiled by women at the court of Anne Boleyn, annotated through a process of ""social"" community editing."
133,Les Bibliothèques Virtuelles Humanistes,Not specified (Humanists),Renaissance Humanism,"A digital library providing facsimiles of French Renaissance books and manuscripts, focusing on the spread of humanism."
134,The Paris Codex,Not specified (Maya Scribes),Maya Astronomy,"A digital presentation of one of the few surviving pre-Columbian Maya books, detailing zodiacal constellations and calendar cycles."
135,The Memorandoms of James Martin,James Martin,Convict Narrative,"The only known First Fleet convict narrative, recounting James Martin's escape from Botany Bay and arduous open-boat journey to Timor."
136,Actes Royaux,Not specified (Royal Clerks),Medieval History,"A database of French royal acts and charters from the Middle Ages, serving as a primary source for legal and political history."
137,American Verse Project,Not specified (Various),American Poetry,"An electronic archive of volumes of American poetry prior to 1920, searchable by full text."
138,Bernard Muir's CD-ROM facsimile of Bodleian Library MS Junius 11,Not specified (Various),Anglo-Saxon Poetry,"A digital facsimile of the Junius 11 manuscript, the ""Caedmon manuscript,"" containing Old English biblical poetry like Genesis and Exodus."
139,Candide 2.0,Voltaire,Enlightenment Satire,"An enriched digital edition of Voltaire's Candide, featuring the text alongside manuscript variants, illustrations, and commentary."
140,Chronik des Gettos Łódź / Litzmannstadt,Not specified (Ghetto Inhabitants),Holocaust History,"A digital edition of the chronicle kept by Jewish inhabitants of the Łódź Ghetto, recording the daily struggle for survival under Nazi occupation."
141,Clotel by William Wells Brown,William Wells Brown,Abolitionist Fiction,"An electronic edition of the first novel published by an African American, exploring the tragic lives of the mixed-race daughters of Thomas Jefferson."
142,DASI: Digital Archive for the Study of Pre-Islamic Arabian Inscriptions,Not specified (Inscribers),Ancient Epigraphy,"An archive of inscriptions from pre-Islamic Arabia, documenting the languages and cultures of the peninsula before the rise of Islam."
143,"Datini, Lettere",Francesco Datini,Medieval Correspondence,"The massive business and personal correspondence of the ""Merchant of Prato,"" offering vivid details of 14th-century trade and daily life."
144,Digital Shikshapatri,Swaminarayan,Hindu Religious Text,"A digital presentation of the Shikshapatri, a key scripture of the Swaminarayan sect of Hinduism, outlining a code of conduct for devotees."
145,Electronic Beowulf 4.0,Not specified (Poet),Anglo-Saxon Epic,"A celebrated digital edition of the Beowulf manuscript, providing high-resolution images, transcripts, and tools for paleo-graphical study."
146,Emily Dickinson's Archive,Emily Dickinson,American Poetry,"An open-access collection of high-resolution images of Emily Dickinson’s surviving manuscripts, allowing readers to see her unique visual poetics."
147,Emily Dickinson's Correspondences,Emily Dickinson,American Literature,"A digital edition of Dickinson's letters, treating them as literary texts in their own right and revealing her intense personal relationships."
148,Gabriel Harvey's Livy Online,Gabriel Harvey,Early Modern Marginalia,"An edition of Gabriel Harvey's annotated copy of Livy's History of Rome, a prime example of how Renaissance readers engaged with classical texts."
149,Galileo Galilei's Notes on Motion,Galileo Galilei,Early Modern Science,"A digital reconstruction of Galileo's manuscript notes on motion, documenting the experiments that led to his laws of falling bodies."
150,Göttinger Statuten (kundige bok 2),Not specified (City Council),Medieval Legal History,"An edition of the ""Kundige Bok,"" the statute book of the city of Göttingen, recording medieval municipal laws and regulations."
151,Herman Melville's Typee,Herman Melville,American Fiction,"A fluid-text edition of Melville's first novel, Typee, showing the revisions made to the manuscript and the differences between early editions."
152,In Mozart's Words,Mozart,Classical Music,"A multilingual digital edition of the correspondence of Mozart and his family, providing insight into his life, travels, and musical career."
153,Intibah Edition and Transcription,Namık Kemal,Ottoman Literature,"A digital transcription and edition of Intibah (Awakening), considered the first literary novel of the Ottoman Tanzimat period."
154,Jerilderie Letter,Ned Kelly,Australian History,"A digital presentation of the famous 8,000-word letter dictated by the outlaw Ned Kelly, justifying his actions and criticizing police corruption."
155,John Barclay: Argenis,John Barclay,Neo-Latin Novel,"An online edition of Argenis, a highly influential 17th-century political romance written in Latin that was read across Europe."
156,Journal of Emily Shore,Emily Shore,19th Century Diary,"The diary of a precocious young Englishwoman who died of consumption at 19, recording her intellectual development and natural history observations."
157,Lautréamont / Ducasse,Lautréamont,French Poetry,"A digital archive of the works of Isidore Ducasse (Lautréamont), the precursor to Surrealism known for Les Chants de Maldoror."
158,Le Cartulaire de la seigneurie de Nesle,Not specified (Clerics),Medieval Cartulary,"An edition of the cartulary of the Lordship of Nesle, preserving charters and documents related to the administration of this French fiefdom."
159,Martha Ballard's Diary Online,Martha Ballard,Early American Diary,"The diary of a Maine midwife from 1785-1812, recording thousands of births and providing a detailed account of the domestic economy of the time."
160,Olive Schreiner Letters Online,Olive Schreiner,South African Literature,"The collected letters of the South African writer and feminist Olive Schreiner, author of The Story of an African Farm."
161,Online Electronic Variorum of the Works of Rabindranath Tagore,Rabindranath Tagore,Bengali Literature,"A variorum edition of the works of the Nobel laureate Tagore, allowing for the comparison of different versions of his poems and songs."
162,Ordonnances de l'hôtel du roi,Not specified (Royal Clerks),Medieval History,"An edition of the ordinances regulating the French King's household (Hôtel du Roi), detailing court hierarchy, etiquette, and logistics."
163,Septuaginta LXX,Not specified (Translators),Biblical Text,A project providing the text of the Septuagint (the Greek Old Testament) alongside translations and textual tools.
164,Sirat Bani Hilal Digital Archive,Not specified (Oral Poets),Arabic Epic,"An archive preserving audio recordings and manuscripts of the Sirat Bani Hilal, a massive Arabic oral epic poem about the migration of the Bedouin tribe."
165,Søren Kierkegaards Skrifter,Søren Kierkegaard,Existential Philosophy,"The complete works and journals of the Danish philosopher Søren Kierkegaard, presented in a sophisticated digital environment."
166,Stijn Streuvels: De teleurgang van den Waterhoek (The decline of the Waterhoek) CDROM,Stijn Streuvels,Modern Dutch Literature,"A genetic edition of Streuvels' novel, documenting the text's evolution from manuscript drafts to the final published version."
167,The Adams Papers,Adams Family,Early American History,"A digital edition of the diaries, letters, and papers of the Adams family, including John, Abigail, and John Quincy Adams."
168,The Alcalá Account Book Project,Not specified (Administrators),Early Modern History,"An edition of the account books of the Irish College at the University of Alcalá, documenting the daily life of the Irish diaspora in Spain."
169,The André Gide Editions Project,André Gide,French Literature,"A project focusing on the genetic editing of the works of André Gide, specifically Les Faux-Monnayeurs and his journals."
170,The Benjamin Marston Diary Project,Benjamin Marston,American Loyalist Diary,"The diary of a Massachusetts Loyalist who was exiled to Canada after the American Revolution, recording his struggles and observations."
171,The Bevan Family Letters,Bevan Family,19th Century Correspondence,"A collection of letters from a prominent English banking family, offering insights into Victorian social life, religion, and business."
172,The Burnet Psalter,Not specified (Scribes),Medieval Liturgy,"A digital facsimile of a 15th-century psalter from Aberdeen, notable for its Scottish provenance and illumination."
173,The Canterbury Tales Project,Geoffrey Chaucer,Middle English Poetry,A long-running project aiming to transcribe and collate all surviving 15th-century manuscripts of Chaucer's Canterbury Tales.
174,The Digital Temple: A Documentary Edition of George Herbert's English Verse,George Herbert,Metaphysical Poetry,"A digital edition of Herbert's The Temple, presenting the text alongside images of the earliest manuscripts and printed editions."
175,The Diriks Family Scrapbooks,Diriks Family,Norwegian Culture,"A digital presentation of the scrapbooks created by the artistic Diriks family, documenting Norwegian cultural life in the 19th century."
176,The Documentary History of the Ratification of the Constitution,Not specified (Founding Fathers),American Constitutional History,A massive collection of documents recording the state-by-state debates and ratification process of the U.S. Constitution.
177,The Dolley Madison Digital Edition,Dolley Madison,Early American History,"The complete correspondence of the First Lady Dolley Madison, documenting her central role in the social and political life of Washington D.C."
178,The Geese Book,Not specified (Scribes),Medieval Liturgy,"A digital presentation of a large, illuminated two-volume gradual from Nuremberg, famous for its whimsical marginal illustrations (including geese)."
179,The Hartlib Papers Project,Samuel Hartlib,Early Modern Science,"The massive archive of Samuel Hartlib, a 17th-century polymath whose correspondence network was a precursor to the Royal Society."
180,The Letters of Christina Rossetti,Christina Rossetti,Victorian Poetry,"The complete collected letters of the poet Christina Rossetti, illuminating her literary career, faith, and relationships with the Pre-Raphaelites."
181,The Letters of Matthew Arnold,Matthew Arnold,Victorian Literature,"A comprehensive edition of the letters of the poet and critic Matthew Arnold, covering his views on education, culture, and society."
182,The Malory Project,Thomas Malory,Arthurian Literature,"An electronic edition of Le Morte Darthur, focusing on the Winchester Manuscript and its relationship to Caxton's print edition."
183,The Papers of Alexander Hamilton,Alexander Hamilton,Early American History,"The collected writings and correspondence of the Founding Father Alexander Hamilton, covering his military, legal, and political career."
184,The Papers of Eliza Lucas Pinckney and Harriot Pinckney Horry,Eliza Pinckney & Harriot Horry,Early American History,"The papers of two prominent South Carolinian women, documenting plantation management, botany, and social life in the 18th century."
185,The Papers of George Washington,George Washington,Early American History,"The comprehensive edition of the diaries, letters, and military orders of George Washington."
186,The Papers of James Madison,James Madison,Early American History,"The collected papers of the fourth U.S. President, covering his role in drafting the Constitution and his presidency."
187,The Papers of Thomas Jefferson,Thomas Jefferson,Early American History,"The definitive edition of the extensive writings of Thomas Jefferson, spanning his entire public and private life."
188,The Pérez Galdós Editions Project,Benito Pérez Galdós,Spanish Realism,"A project creating digital scholarly editions of the novels of Pérez Galdós, beginning with Torquemada en la hoguera."
189,The Planctus for William Longsword,Not specified (Poet),Medieval Latin Poetry,"An edition of a 10th-century lament for the assassinated Duke of Normandy, William Longsword, a key text for Norman history."
190,The Zibaldone project,Giacomo Leopardi,Italian Philosophy,"A project dedicated to Leopardi's Zibaldone, his massive intellectual diary containing thoughts on philosophy, philology, and literature."
191,Virginie Loveling’s Diary,Virginie Loveling,WWI Diary,"The war diary of the Flemish author Virginie Loveling, offering a civilian's perspective on the German occupation of Belgium during WWI."
192,William Golder Electronic Edition,William Golder,New Zealand Literature,"An edition of the works of William Golder, one of New Zealand's earliest settler poets."
193,William of Palerne,Not specified (Anonymous),Middle English Romance,"An electronic edition of the alliterative romance William of Palerne, a tale of a prince turned into a werewolf."
194,Wittgensteins Nachlass: The Bergen Electronic Edition,Ludwig Wittgenstein,Modern Philosophy,"A complete transcription and facsimile of Wittgenstein's Nachlass (literary estate), essential for studying the development of his philosophy."
195,Zibaldone Europeo,Giacomo Leopardi,Italian Philosophy,A comparative study of Leopardi's Zibaldone within the context of European culture and thought.
196,Pietro Mellini's Inventory in verse 1681,Pietro Mellini,Early Modern Art History,"An edition of a rhymed inventory describing the art collection of the Mellini family in Rome, a valuable source for provenance research."
197,Inscriptiones Alborum Amicorum,Not specified (Various),Early Modern Album Amicorum,"A database of inscriptions found in ""friendship albums"" (alba amicorum), documenting social networks and travel in early modern Europe."
198,"George Etheridge's Encomium on Henry VIII addressed to Elizabeth II, British Library Royal MS 16 C X",George Etheridge,Neo-Latin Poetry,"A digital edition of a Greek encomium praising Henry VIII, presented to Queen Elizabeth I by the Regius Professor of Greek at Oxford."
199,Digitalisierte Edition des Ältesten Appenzeller Landbuchs,Not specified (Scribes),Swiss Legal History,"An edition of the oldest ""Landbuch"" (code of law) of the canton of Appenzell, a key document for Swiss legal tradition."
200,Corpus of Ioannes Dantiscus' Texts & Correspondence,Ioannes Dantiscus,Renaissance Humanism,"The collected texts and correspondence of the Polish diplomat and poet Johannes Dantiscus, a central figure in Northern Humanism."
201,Dante's Commedia,Dante Alighieri,Medieval Italian Poetry,A digital edition of the Divine Comedy focusing on the text's manuscript tradition and variant readings.
202,"A London Provisioner's Chronicle, 1550–1563, by Henry Machyn: Manuscript, Transcription, and Modernization",Henry Machyn,Early Modern Diary,"The diary of a London merchant undertaker, providing a vivid account of funerals, pageants, and executions in Tudor London."
203,Collection of Swiss Law Sources,Not specified (Various),Swiss Legal History,"A massive digital repository of historical legal sources from Switzerland, dating from the Middle Ages to the early modern period."
204,El Cancionero digital de Gómez Manrique (páginas 11-44),Gómez Manrique,Medieval Spanish Poetry,"A digital edition of the cancionero of the 15th-century poet Gómez Manrique, uncle of Jorge Manrique."
205,ASChart Anglo-Saxon Charters,Not specified (Scribes),Anglo-Saxon History,"A database and edition of Anglo-Saxon charters, the legal documents recording land grants and privileges in early medieval England."
206,Excerpts from the Chronicle of Matthew of Edessa,Matthew of Edessa,Medieval Armenian History,"An edition of sections from the chronicle of Matthew of Edessa, a primary source for the history of the Crusades and the Near East."
207,Les Cours d’Antoine Desgodets,Antoine Desgodets,Early Modern Architecture,"The lecture notes of the architect Antoine Desgodets, who taught at the Royal Academy of Architecture in Paris."
208,Digitale Edition und Kommentierung der Tagebücher des Fürsten Christian II. von Anhalt-Bernburg,Christian II of Anhalt-Bernburg,Early Modern Diary,"The extensive diaries of a German prince during the Thirty Years' War, documenting court life, politics, and military events."
209,Die Relatio Adelberts von Heidenheim und der Text Ilsungs,Adalbert of Heidenheim,Medieval Hagiography,"An edition of a 12th-century report on the miracles of St. Walpurga, shedding light on medieval monasticism and saint cults."
210,Je chante ung chant,Not specified (Composers),Medieval Music,"An archive of the ""Je chante ung chant"" corpus of medieval songs, exploring the transmission of polyphonic music."
211,Einstein Archives Online,Albert Einstein,Modern Science,"A comprehensive digital archive of Einstein's scientific and non-scientific manuscripts, including the papers on Relativity."
212,Codice Pelavicino,Not specified (Scribes),Medieval History,"A digital edition of the Liber Iurium of the Bishop of Luni, a 13th-century manuscript recording the bishopric's rights and properties."
213,Woolf Online,Virginia Woolf,Modernist Literature,"A scholarly platform dedicated to To the Lighthouse, featuring the manuscript, typescripts, proofs, and first edition of the novel."
214,Les manuscrits de Madame Bovary,Gustave Flaubert,19th Century Novel,"A complete transcription of the thousands of manuscript pages of Madame Bovary, allowing readers to trace the novel's genesis."
215,Digital Schomburg Editions: African American Women Writers of the 19th century,Not specified (Various),African American Literature,"A collection of 19th-century fiction, poetry, and biography by Black women, including Phillis Wheatley and Frances Ellen Watkins Harper."
216,Faust Edition,Johann Wolfgang von Goethe,German Literature,"A comprehensive historical-critical edition of Goethe's Faust, presenting all manuscript witnesses and printed versions."
217,Theodor Fontane: Notizbücher,Theodor Fontane,German Realism,"A genetic edition of the notebooks of the novelist Theodor Fontane, containing sketches, drafts, and observations used in his fiction."
218,Johann Christian Senckenberg: Digital Edition of the Diaries,Johann Christian Senckenberg,Early Modern Medicine,"The diaries of the Frankfurt physician and naturalist Senckenberg, providing a detailed record of 18th-century medical practice and daily life."
219,Édition des journaux d'Alexandre Dumas,Alexandre Dumas,19th Century Journalism,"An edition of the newspapers founded and edited by Dumas, revealing his prolific output as a journalist and commentator."
220,Alexander von Humboldt Briefedition,Alexander von Humboldt,19th Century Science,A large-scale project digitizing the vast correspondence of the explorer and scientist Alexander von Humboldt.
221,Jacob Burckhardt,Jacob Burckhardt,Cultural History,"A critical edition of the works and letters of the Swiss historian Jacob Burckhardt, founder of cultural history and author of The Civilization of the Renaissance in Italy."
222,Key Documents of German-Jewish History,Not specified (Various),Jewish History,A bilingual digital source edition documenting the history of Jews in Germany from the early modern period to the present.
223,Sappho’s Poems,Sappho,Ancient Greek Poetry,"A digital collection of the surviving fragments of Sappho's poetry, often including the original Greek and translations."
224,L’Orlando Furioso e la sua traduzione in immagini,Ludovico Ariosto,Renaissance Literature/Art,"A project exploring the visual reception of Orlando Furioso, archiving the illustrations and paintings inspired by the epic over centuries."
225,Schopenhauer’s Library: Annotations and marks in his Spanish books,Arthur Schopenhauer,Philosophy,An analysis of the marginalia and annotations Schopenhauer made in the Spanish books in his personal library.
226,Clavius on the Web,Christoph Clavius,Early Modern Mathematics,"A portal dedicated to the Jesuit mathematician Clavius, key architect of the Gregorian calendar, featuring his correspondence and works."
227,The Fleischmann Diaries,Aloys Fleischmann,Irish Music History,"The diaries of the composer and professor Aloys Fleischmann, documenting the cultural and musical life of Cork and Ireland in the 20th century."
228,Deutsches Textarchiv (DTA),Not specified (Various),German Corpus Linguistics,"A massive, disciplined corpus of German texts from 1600 to 1900, providing a foundation for linguistic and literary research."
229,Project Tarsian: First Corinthians in Vaticanus Arabicus 13,Paul the Apostle (Text),Biblical Studies,"An edition of an Arabic manuscript of 1 Corinthians, exploring the textual history of the Bible in the Arabic-speaking world."
230,Letters of 1916,Not specified (Various),Irish History,"A crowd-sourced digital archive of letters written in or to Ireland during the tumultuous year of 1916, covering the Easter Rising and WWI."
231,Bibliotheca Iuris Antiqui (BIA),Not specified (Jurists),Roman Law,"A database of ancient legal texts, primarily Roman, serving as a resource for legal historians."
232,The Wandering Jew's Chronicle,Not specified (Anonymous),Folklore,"An edition of the popular ballad ""The Wandering Jew's Chronicle,"" tracing the history of this legend in print culture."
233,Roman Inscriptions of Britain,Not specified (Inscribers),Roman Epigraphy,"The standard corpus of Roman inscriptions found in Britain, digitized and searchable by location, type, and material."
234,"Teutsche Academie der Bau-, Bild- und Mahlerey-Künste, Joachim von Sandrart, Nürnberg 1675/1679/1680: Wissenschaftlich kommentierte Online-Edition",Joachim von Sandrart,Art History,"A critical online edition of Sandrart's Teutsche Academie, a monumental 17th-century history of art and artists comparable to Vasari."
235,ABaC:us - Austrian Baroque Corpus,Not specified (Various),Baroque Literature,"A digital corpus of religious and secular texts from the Austrian Baroque period, designed for linguistic and literary analysis."
236,Darwin Online: Online Variorum of Darwin’s Origin of Species,Charles Darwin,Evolutionary Biology,A tool allowing line-by-line comparison of the six editions of On the Origin of Species published during Darwin's lifetime.
237,Dāmos Database of Mycenaean at Oslo,Not specified (Scribes),Mycenaean Epigraphy,"A searchable database of annotated Linear B texts, aiding the linguistic study of the earliest attested form of Greek."
238,Van Nu en Straks brieven,Not specified (Editors),Flemish Literature,"The correspondence of the editors and contributors to Van Nu en Straks, the leading journal of the Flemish literary revival."
239,Streuvels en zijn uitgevers – brieven,Stijn Streuvels,Publishing History,"The correspondence between the author Stijn Streuvels and his publishers, illuminating the business of literature in the 20th century."
240,Briefwechsel Sauer-Seuffert,Sauer & Seuffert,Philology,"The correspondence between the Germanists August Sauer and Bernhard Seuffert, discussing the establishment of German philology as a discipline."
241,"Ursus from Benevento, De nomine",Ursus of Benevento,Medieval Grammar,"An edition of a 9th-century grammatical treatise by Ursus of Benevento, significant for the study of medieval education in southern Italy."
242,William F. Cody Archive,William F. Cody,American West,"An archive documenting the life and career of ""Buffalo Bill"" Cody, exploring his role in shaping the myth of the American West."
243,Johannes Tinctoris: Complete Theoretical Works,Johannes Tinctoris,Music Theory,"A critical edition of the treatises of the 15th-century music theorist Tinctoris, covering counterpoint, modes, and notation."
244,Digital Athenaeus,Athenaeus,Greek Literature,"A digital project focused on the Deipnosophists of Athenaeus, a massive compilation of ancient knowledge, quotations, and dining culture."
245,Magistri Guillelmi Autissiodorensis Summa de officiis ecclesiasticis,William of Auxerre,Medieval Theology,"An edition of William of Auxerre's Summa on ecclesiastical offices, a key text for understanding medieval liturgy and sacramental theology."
246,Musil Online,Robert Musil,Austrian Modernism,"A digital edition of the works of Robert Musil, including the massive, unfinished novel The Man Without Qualities."
247,A Comprehensive Edition of Tocharian Manuscripts,Not specified (Scribes),Tocharian Studies,"A project digitizing and editing manuscripts in the extinct Tocharian languages found on the Silk Road, crucial for Indo-European linguistics."
248,Briefe und Texte aus dem Intellektuellen Berlin um 1800,Not specified (Intellectuals),German Romanticism,"A collection of letters and texts from the vibrant intellectual circles of Berlin around 1800, featuring figures like Tieck and Chamisso."
249,Biblioteca Digital del Pensamiento Novohispano,Not specified (Various),Mexican Colonial Literature,A library of philosophical and theological texts produced in New Spain (Mexico) during the colonial period.
250,Bliss-Tyler Correspondence,Bliss & Tyler,20th Century Diplomacy,"The correspondence between Robert Woods Bliss and Royall Tyler, offering insights into 20th-century diplomacy and art collecting."
251,edition humboldt digital,Alexander von Humboldt,19th Century Science,"The central digital edition of Humboldt's travel journals and writings, documenting his expeditions to the Americas."
252,"Vespasiano da Bisticci, Lettere",Vespasiano da Bisticci,Renaissance Humanism,"The letters of the famous Florentine bookseller and biographer, a central node in the network of 15th-century humanists."
253,Digitale Edition der Briefe Erdmuthe Benignas von Reuß-Ebersdorf (1670-1732),Erdmuthe Benigna,Pietism,"The correspondence of a noblewoman active in the Pietist movement, revealing the role of women in 18th-century religious networks."
254,Jane Addams Digital Edition,Jane Addams,Social Reform,"The collected papers of the social reformer and Nobel Peace Prize winner Jane Addams, covering Hull House and the peace movement."
255,Les Pensées de Blaise Pascal,Blaise Pascal,17th Century Philosophy,"A digital edition of Pascal's Pensées, allowing users to reconstruct the fragmentary apologetic notes in various orders."
256,Ödön von Horváth: Historisch-kritische Ausgabe – Digitale Edition,Ödön von Horváth,Austrian Literature,"A critical edition of the plays and prose of Horváth, a key figure in 20th-century German-language literature known for his ""Volksstücke."""
257,Lament of St. Anselm,Anselm of Canterbury,Medieval Devotion,"An edition of the Planctus attributed to Anselm, a text expressing deep sorrow and penitence often used in medieval devotion."
258,Beethovens Werkstatt,Ludwig van Beethoven,Classical Music,A genetic criticism project analyzing Beethoven's sketching and composition process through his manuscripts and sketchbooks.
259,The Charles Harpur Critical Archive,Charles Harpur,Australian Poetry,"A comprehensive archive of the works of Charles Harpur, the first major poet of European settlement in Australia."
260,La Dama Boba,Lope de Vega,Spanish Golden Age Theater,"A digital critical edition of Lope de Vega's comedy La dama boba, focusing on the transmission of the text."
261,En el ojo del huracán. Cartas de ultramar a España 1823,Not specified (Various),19th Century History,A collection of letters sent from the Spanish colonies in the Americas to Spain during the turbulent year of 1823.
262,Kosztolányi Dezső: Édes Anna,Dezső Kosztolányi,Hungarian Modernism,"A critical edition of Kosztolányi's novel Édes Anna, a psychological study of a maid who murders her employers."
263,Kosztolányi Dezső: Édes Anna,Dezső Kosztolányi,Hungarian Modernism,Another digital instance or module of the critical edition of Kosztolányi's Édes Anna.
264,Kassák Lajos: The Horse Dies the Birds Fly Away / A ló meghal a madarak kirepülnek,Lajos Kassák,Avant-Garde Poetry,"A digital edition of Kassák's constructivist masterpiece, a long poem recounting his travels across Europe."
265,Kosztolányi Dezső: Aranysárkány,Dezső Kosztolányi,Hungarian Modernism,"A critical edition of Golden Kite, Kosztolányi's novel about the tragic downfall of a provincial schoolteacher."
266,Kosztolányi Dezső: Esti Kornél,Dezső Kosztolányi,Hungarian Modernism,"A critical edition of the Esti Kornél stories, featuring Kosztolányi's famous alter ego in a series of loose, impressionistic sketches."
267,Fanchali Jób-kódex,Not specified (Scribe),Early Modern Hungarian,An edition of a late 16th-century manuscript containing Hungarian songs and historical texts.
268,Eötvös József: A falu jegyzóje,József Eötvös,19th Century Hungarian Novel,"A critical edition of The Village Notary, a satirical novel criticizing the feudal county administration in Hungary."
269,József Attila összes tanulmánya és cikke,Attila József,Hungarian Modernism,"The complete collected essays and articles of the poet Attila József, covering literature, aesthetics, and politics."
270,József Attila összes tanulmánya és cikke. Szövegek 1930-1937,Attila József,Hungarian Modernism,"A focused edition of Attila József's prose writings from the 1930s, his most mature and politically active period."
271,Estoria de Espanna Digital,Alfonso X,Medieval History,"A digital edition of the Estoria de Espanna, the first history of Spain written in the Castilian vernacular, commissioned by Alfonso the Wise."
272,Gergei Albert: Árgirus históriája (version 1),Albert Gergei,Early Modern Hungarian Poetry,"An edition of the 16th-century romance Árgirus, a popular fairy-tale narrative in verse about a prince and a fairy."
273,Wathay Ferenc összes műve,Ferenc Wathay,Early Modern Hungarian Poetry,"The complete works of the soldier-poet Wathay, written during his captivity by the Ottomans, featuring songs and autobiographical verse."
274,"Adriai tengernek syrénája, gróf Zrínyi Miklós",Miklós Zrínyi,Hungarian Baroque,"An edition of Zrínyi's epic poem The Siege of Sziget, the cornerstone of Hungarian Baroque literature."
275,Rimay János verseinek fragmentumi,János Rimay,Early Modern Hungarian Poetry,"A collection of the fragmentary verses of Rimay, a disciple of Balassi and a key figure in late Renaissance Hungarian poetry."
276,Rimay János ifjúkori versgyűjteménye,János Rimay,Early Modern Hungarian Poetry,"An edition of Rimay's early poetry collection, showing his development as a mannerist poet."
277,Effectus amoris,Not specified (Anonymous),Early Modern Hungarian,An edition of a 16th-century Hungarian prose romance.
278,Érdy-kódex,Not specified (Translator),Medieval Hungarian,A major 16th-century manuscript containing the largest collection of legends and sermons in medieval Hungarian.
279,Régi Magyar Exemplumadatbázis/ Database of Old Hungarian Exempla,Not specified (Various),Medieval Literature,"A database of exempla (moral anecdotes) found in old Hungarian literature, used by preachers to illustrate their sermons."
280,Kazinczy Ferenc összes művei,Ferenc Kazinczy,Hungarian Enlightenment,"The complete works of Kazinczy, the organizer of the Hungarian language reform and literary life in the early 19th century."
281,Csokonai Vitéz Mihály összes művei,Mihály Csokonai Vitéz,Hungarian Enlightenment,"The complete works of the major poet of the Hungarian Enlightenment, known for his diversity of styles from Rococo to folk."
282,Opera Aesthetica Szerdahelyana / Szerdahely György Alajos esztétikai írásai,György Alajos Szerdahely,Aesthetics,"An edition of the aesthetic writings of Szerdahely, a Jesuit scholar who introduced the discipline of aesthetics to Hungary."
283,Gyöngyössi János művei,János Gyöngyössi,Hungarian Enlightenment,The collected works of a minor but representative poet of the Hungarian Enlightenment period.
284,Berzsenyi Dániel levelezése,Dániel Berzsenyi,Hungarian Romanticism,"The correspondence of Berzsenyi, the ""hermit of Nikla,"" documenting his intellectual isolation and exchanges with Kazinczy."
285,Magyar írók levelezése,Not specified (Various),Hungarian Literature,A collection of correspondence between various Hungarian writers of the 18th and 19th centuries.
286,A Ráday-család levelezése,Ráday Family,Early Modern History,"The correspondence of the Ráday family, prominent Protestant aristocrats and patrons of culture in 18th-century Hungary."
287,"Margit-legenda (Szent Margit élete, 1510)",Not specified (Scribe),Medieval Hagiography,"An edition of the Legend of Saint Margaret, a key text of medieval Hungarian monastic literature about the princess-nun Margaret."
288,Orpheus,Not specified (Kazinczy),Hungarian Enlightenment,"A digital edition of the literary journal Orpheus, edited by Ferenc Kazinczy in 1790."
289,Magyar Museum,Not specified (Kazinczy et al.),Hungarian Enlightenment,"An edition of Magyar Museum, the first significant Hungarian-language literary journal, founded by Kazinczy, Batsányi, and Baróti Szabó."
290,DER STURM. Digitale Quellenedition zur Geschichte der internationalen Avantgarde,Herwarth Walden (Editor),Expressionism/Avant-Garde,"A digital edition of sources related to Der Sturm, the influential Berlin art magazine and gallery that promoted Expressionism and the avant-garde."
291,Balassi Bálint összes verse (hálózati kritikai kiadás: version 1.0 and 2.0),Bálint Balassi,Renaissance Poetry,"A critical edition of the complete poems of Balassi, the first major poet of Hungarian literature to write in the vernacular."
292,Lelki énekekről régi magyarok,Not specified (Various),Religious Poetry,A collection of old Hungarian spiritual songs and hymns.
293,"Szabó Lőrinc: Föld, erdő, isten; Kalibán; Fény, fény, fény; A sátán műremekei; Te meg a világ; Különbéke; Harc az ünnepért; Régen és most",Lőrinc Szabó,Modern Hungarian Poetry,"Critical editions of several volumes of poetry by Lőrinc Szabó, a master of the sonnet and a major 20th-century translator."
294,A Tett folyóirat (The Journal „A Tett”),Lajos Kassák (Editor),Hungarian Avant-Garde,"A digital edition of A Tett (The Deed), the first Hungarian avant-garde journal, published by Kassák during WWI."
295,Mikszáth Kálmán összes művei 39,Kálmán Mikszáth,Hungarian Realism,"A volume of the critical edition of Mikszáth's works, likely containing short stories or journalistic pieces."
296,Mikszáth Kálmán összes művei 42,Kálmán Mikszáth,Hungarian Realism,Another volume of the critical edition of Mikszáth's works.
297,P.S. Post Scriptum: A Digital Archive of Ordinary Writing,Not specified (Civilians),Early Modern History,"An archive of private letters written by ordinary people in Portugal and Spain from 1500 to 1900, often intercepted by the Inquisition."
298,Jean Paul – Sämtliche Briefe digital,Jean Paul,German Romanticism,"The complete correspondence of the German writer Jean Paul, known for his humorous and digressive novels."
299,Armer Heinrich Digital,Hartmann von Aue,Medieval German Romance,"A digital edition of the Middle High German narrative poem Der arme Heinrich, about a leper knight redeemed by a maiden's sacrifice."
300,Deux visages de L'Astrée,Honoré d'Urfé,French Pastoral,"A critical edition comparing the first two parts of L'Astrée, the massive pastoral novel that influenced 17th-century French culture."
302,travel!digital,Not specified (Various),Travel Literature,"A corpus of German travel guidebooks (Baedeker) and travel writings from 1875 to 1914, analyzed for linguistic patterns."
303,"Mächtekongresse 1818–1822. Digitale Edition der Dokumente zu den Kongressen von Aachen (1818), Troppau (1820), Laibach (1821) und Verona (1822)",Not specified (Diplomats),19th Century History,"A digital edition of the diplomatic documents from the Congresses of the Holy Alliance, regulating European politics after Napoleon."
304,Tagebücher von Andreas Okopenko. Digitale Edition,Andreas Okopenko,Austrian Literature,"The diaries of the experimental Austrian writer Okopenko, covering the post-war period and the literary scene of the ""Wiener Gruppe."""
305,Ulrich Richental die Chronik des Konzils von Konstanz,Ulrich Richental,Medieval Chronicle,"An illustrated chronicle of the Council of Constance (1414-1418), providing a vivid eyewitness account of the ecclesiastical gathering."
306,Franco-Hungarian literary relations in the 20th century,Not specified (Various),Literary History,A digital collection of documents tracing the reception and interaction between French and Hungarian literature in the 20th century.
307,Schnitzler Critical Digital Edition,Arthur Schnitzler,Viennese Modernism,"A genetic critical edition of Schnitzler's works, starting with Lieutenant Gustl and Anatol, showing the development of the texts."
308,Johann Georg Hamann: Kommentierte Briefausgabe,Johann Georg Hamann,Counter-Enlightenment,"The correspondence of the ""Magus of the North,"" a philosopher who influenced Herder and Goethe with his critique of pure reason."
309,Grundtvigs Vaerker (The complete works of N.F.S. Grundtvig),N.F.S. Grundtvig,Danish History/Theology,"The massive collected works of Grundtvig, the pastor, poet, and politician who fundamentally shaped modern Danish national identity."
310,Die Korrespondenz von Leo von Thun-Hohenstein,Leo von Thun-Hohenstein,19th Century History,The correspondence of the Austrian minister who reformed the educational system after the 1848 revolutions.
311,Inscriptions of Greek Cyrenaica - Greek Verse Inscriptions of Cyrenaica,Not specified (Inscribers),Classical Epigraphy,"A specialized collection of poetic inscriptions found in Cyrenaica, offering a glimpse into the literary culture of the province."
312,"Romualdus Beneventanus, Chronicon",Romuald of Salerno,Medieval Chronicle,A critical edition of the 12th-century universal chronicle written by the Archbishop Romuald II of Salerno.
313,Samuel Hahnemann - Digitale kritische Edition - Krankenjournal DF5,Samuel Hahnemann,History of Medicine,"An edition of the case journals of the founder of homeopathy, documenting his patients' symptoms and treatments."
314,Arthur Schnitzler – Briefwechsel mit Autorinnen und Autoren,Arthur Schnitzler,Viennese Modernism,"The correspondence between Schnitzler and fellow writers, revealing the literary networks of turn-of-the-century Vienna."
315,Lazarraga eskuizkribua: edizioa eta azterketa,Juan Pérez de Lazarraga,Basque Literature,An edition of a recently discovered 16th-century manuscript containing the oldest known Basque pastoral romance and poetry.
316,Protokolle des Bayerischen Staatsrats,Not specified (Ministers),19th Century History,"The minutes of the Bavarian Council of State, documenting the political decision-making process in the Kingdom of Bavaria."
317,The glosses to the first book of the Etymologiae of Isidore of Seville,Isidore of Seville (Text),Medieval Scholarship,"An edition of the early medieval glosses on Isidore's Etymologies, showing how this encyclopedic text was taught and understood."
318,In Search of the Drowned: Testimonies and Testimonial Fragments of the Holocaust,Not specified (Survivors),Holocaust Studies,"A project analyzing the testimonies of Holocaust survivors, focusing on the linguistic and narrative structures of trauma."
319,Alexander von Humboldt: Sämtliche Schriften digital,Alexander von Humboldt,19th Century Science,"A complete digital edition of Humboldt's published writings, including his essays, articles, and major monographs."
320,Mystische Bücher in der Bibliothek der Kartause Erfurt,Not specified (Monks),Medieval Mysticism,"An exploration of the mystical texts held in the library of the Erfurt Charterhouse, a center of late medieval spirituality."
321,Peter Handke Notizbücher. Digitale Edition,Peter Handke,Contemporary Literature,"A digital edition of the notebooks of the Nobel Prize winner Peter Handke, which serve as the ""ur-text"" for his published works."
322,Gottfried Semper. Critical and Commented Edition,Gottfried Semper,Architectural Theory,"A critical edition of the writings of the architect Gottfried Semper, exploring his theories on style, materials, and evolution in art."
323,Thesaurus Inscriptionum Raeticarum,Not specified (Inscribers),Ancient Epigraphy,"A complete corpus of inscriptions in the Raetic language, an ancient language of the Alps related to Etruscan."
324,Lexicon Leponticum,Not specified (Inscribers),Celtic Linguistics,"An interactive etymological lexicon of the Lepontic language, the oldest attested Celtic language, found in Northern Italy."
325,Arthur Schnitzler – Chronik,Arthur Schnitzler,Viennese Modernism,"A detailed chronology of Schnitzler's life based on his diaries and letters, allowing users to trace his movements day by day."
326,Clara Katharina Pollaczek: Arthur Schnitzler und ich,Clara Katharina Pollaczek,Viennese Modernism,"The memoirs of Schnitzler's partner in his later years, providing an intimate portrait of the author and their relationship."
327,Aufenthaltsorte von Arthur Schnitzler (1879–1931),Arthur Schnitzler,Viennese Modernism,"A geospatial visualization of the places Schnitzler visited or lived in, linked to his diary entries and correspondence."
328,Arthur Schnitzler: Lektüren,Arthur Schnitzler,Viennese Modernism,"A database of the books Schnitzler read, reconstructed from his diary entries, revealing his intellectual influences."
329,Arthur Schnitzler: Tagebuch. Digitale Edition,Arthur Schnitzler,Viennese Modernism,"A digital edition of Schnitzler's complete diaries from 1879 to 1931, a monumental document of Viennese cultural history."
330,Arthur Schnitzler: Archiv der Zeitungsausschnitte,Arthur Schnitzler,Viennese Modernism,"An archive of the newspaper clippings collected by Schnitzler, documenting the critical reception of his works."
331,Personen der Moderne Basis,Not specified (Various),Modern History,"A prosopographical database of people mentioned in the various digital editions of Austrian modernism (Schnitzler, Kraus, etc.)."
332,Hermann Bahr – Arthur Schnitzler: Briefwechsel,Bahr & Schnitzler,Viennese Modernism,"The correspondence between the critic Hermann Bahr and Arthur Schnitzler, debating the literary trends of the fin de siècle."
333,Inscriptions of Roman Tripolitania (2021),Not specified (Inscribers),Classical Epigraphy,"An updated 2021 release of the IRT corpus, incorporating new technologies and scholarship on the inscriptions of Libya."
334,"SAWS Kekaumenos, Consilia et Narrationes",Kekaumenos,Byzantine Literature,"An edition of the Strategikon of Kekaumenos, an 11th-century advice book for Byzantine aristocrats on warfare and family life."
335,SAWS Dynamic Library,Not specified (Various),Ancient Wisdom Literature,"A repository of gnomologies (collections of wise sayings) and wisdom literature in Greek and Arabic, exploring their transmission."
336,Die Urkunden und Akten des Klosters und des Oberamts Königsfelden,Not specified (Scribes),Swiss History,"A digital edition of the charters and administrative records of the Königsfelden Monastery, a Habsburg foundation."
337,MEGAdigital – Online-Abteilung der historisch-kritischen Gesamtausgabe von Karl Marx und Friedrich Engels,Marx & Engels,Political Philosophy,"The digital component of the MEGA project, presenting the complete works and letters of Marx and Engels with critical apparatus."
338,Auden Musulin Papers: A Digital Edition of W. H. Auden's Letters to Stella Musulin,W. H. Auden,Modern Poetry,"The correspondence between Auden and the writer Stella Musulin during his later years in Austria, revealing his domestic side."
339,Patristic Text Archive (PTA),Not specified (Church Fathers),Patristics,"An archive of critical editions of texts by the Church Fathers (e.g., Athanasius, Gregory of Nyssa), available for digital analysis."
340,Open Arabic Periodical Editions (OpenArabicPE),Not specified (Journalists),Arabic Intellectual History,"A project digitizing early Arabic periodicals from the late 19th and early 20th centuries, a key source for the Nahda (Awakening)."
341,Korespondencja Jana Lechonia i Kazimierza Wierzyńskiego,Lechoń & Wierzyński,Polish Literature,"The correspondence between two major Polish poets of the Skamander group, documenting their exile in America."
342,Korespondencja Mieczysława Grydzewskiego i Kazimierza i Haliny Wierzyńskich,Grydzewski & Wierzyński,Polish Literature,Letters exchanged between the editor of the influential London-based Polish journal Wiadomości and the poet Wierzyński.
343,Die Ministerratsprotokolle Österreichs und der österreichisch-ungarischen Monarchie 1848–1918,Not specified (Ministers),19th Century Politics,"The minutes of the Council of Ministers of the Habsburg Monarchy, the central executive body of the Austrian Empire."
344,Digital Scholarly Edition of Habsburg-Ottoman Diplomatic Sources 1500–1918,Not specified (Diplomats),Diplomatic History,A digital edition of sources documenting the diplomatic relations between the Habsburg Monarchy and the Ottoman Empire.
345,Familiensache? Die Korrespondenz der Kaiserin Eleonora Magdalena,Eleonora Magdalena,Early Modern History,"The correspondence of the Holy Roman Empress Eleonora Magdalena, offering insight into dynastic politics and court life."
346,Arthur Schnitzler: Mikroverfilmung des Cambridger Nachlasses,Arthur Schnitzler,Viennese Modernism,A digital release of the microfilm archive of Schnitzler's literary estate held at Cambridge University.
347,Renan Source,Ernest Renan,19th Century Intellectual History,"A scholarly platform dedicated to Ernest Renan, the French philologist and historian known for his controversial Life of Jesus."
348,The Mary Hamilton Papers (c. 1740 – c. 1850),Mary Hamilton,18th Century Literature,"The diaries and correspondence of Mary Hamilton, a Bluestocking and courtier who knew Dr. Johnson and Horace Walpole."
349,Bullinger Digital,Heinrich Bullinger,Reformation Theology,"The massive correspondence of the Zurich Reformer Heinrich Bullinger, a central figure in the European Reformation network."
350,Akademieprotokolle,Not specified (Academics),History of Science,"The minutes of the meetings of the Austrian Academy of Sciences, documenting the development of research in Austria."
351,Hanslick Online,Eduard Hanslick,Music Criticism,"A critical edition of the writings of the influential music critic Eduard Hanslick, champion of absolute music and opponent of Wagner."
352,Staribacher – Tagebücher,Josef Staribacher,Contemporary Politics,"The diaries of the long-serving Austrian Trade Minister Josef Staribacher, known for his role in the ""Kreisky Era."""