id,Edition name,Author Name,Content Description,Keywords
1,Digitale Edition der Handschrift Cod. Guelf. 64 Weiss.,Not specified (Anonymous),"A digital facsimile and transcription of the Weissenburg manuscript, a significant 8th-century collection of catechetical texts, creeds, and glossaries.",Theology # Linguistics # History
2,The Thomas Gray Archive,Thomas Gray,"A comprehensive archive of the 18th-century poet's complete poems, selected prose, and correspondence, including his famous ""Elegy Written in a Country Churchyard.""",Poetry # Correspondence # History
3,A critical edition of the poetry of Dafydd ap Gwilym,Dafydd ap Gwilym,"A scholarly collection of the complete works of the 14th-century Welsh bard, known for his innovative nature poetry and love lyrics.",Poetry # Criticism # Nature
4,Saint Patrick's Confessio,Saint Patrick,"The autobiographical writings of Ireland's patron saint, detailing his captivity, escape, and missionary work, presented in Latin with translations.",Hagiography # Religion # History
5,Liber Matriculae - Il libro della matricola dei notai di Vercelli,Not specified (Notaries),"A digital edition of the register of notaries from Vercelli, offering insights into medieval Italian legal administration and professional organization.",Law # History # Linguistics
6,Correspondance de Pierre Bayle,Pierre Bayle,"The extensive correspondence of the French philosopher, covering theological debates, literary criticism, and the circulation of ideas in the Republic of Letters.",Philosophy # Correspondence # Criticism
7,Vindolanda Tablets Online,Not specified (Roman Soldiers),"Thin wood tablets serving as the oldest surviving handwritten documents in Britain, revealing details of Roman military life and administration.",Military # Biography # Epigraphy
8,Vindolanda Tablets Online II,Not specified (Roman Soldiers),"A continuation of the project digitizing further discoveries of wooden tablets from the Vindolanda fort, expanding the corpus of Roman military correspondence.",Military # Correspondence # Epigraphy
9,"Bérardier de Bataut, Essai sur le récit, Entretiens sur la manière de raconter",Jean-Baptiste Bérardier de Bataut,"A critical edition of an 18th-century treatise on the art of storytelling and narrative theory, exploring the mechanics of oral and written recitals.",Art # Criticism # Physics
10,Codex Sinaiticus,Not specified (Biblical Scribes),"One of the oldest and most important biblical manuscripts, containing the Greek Old Testament (Septuagint) and the complete New Testament.",Theology # History # Linguistics
11,"The Saint-Aubins ""Book of Arses"": The Livre de Caricatures tant bonnes que mauvaises",Gabriel de Saint-Aubin,"A digitized sketchbook by the 18th-century artist featuring satirical and humorous caricatures, offering a rare glimpse into the irreverent side of Rococo art.",Art # Hagiography # Satire
12,Catullus Online,Gaius Valerius Catullus,"A critical repertory of conjectures on the text of Catullus's poems, compiling scholarly emendations and textual variants from the Renaissance to the present.",Poetry # Criticism # History
13,Digital edition of the Old Church Slavonic Codex Suprasliensis,Not specified (Scribes),"A digital reunification of the 10th-century Codex Suprasliensis, the largest surviving Old Church Slavonic manuscript, containing saints' lives and homilies.",Religion # Hagiography # Biography
14,Becerro Galicano of San Millán de la Cogolla,Not specified (Monks),"A digital edition of the cartulary from the San Millán monastery, a crucial source for medieval Spanish history, linguistics, and paleography.",Chronicles # History # Linguistics
15,The Durham Liber Vitae Project,Not specified (Monks),"A comprehensive edition of the ""Book of Life"" from Durham Cathedral, listing the names of thousands of benefactors and community members from the 9th to the 16th century.",Biography # Society # History
16,Samuel Beckett Digital Manuscript Project,Samuel Beckett,"A genetic edition of Beckett's works, presenting digital facsimiles and transcriptions of his manuscripts to trace the evolution of his texts.",Drama # History # Linguistics
17,Euripides Scholia,Not specified (Scholars),"An edition of the ancient and medieval marginal commentaries (scholia) on the plays of Euripides, providing essential context for the interpretation of Greek tragedy.",Archaeology # Criticism # Drama
18,Heimskringla,Snorri Sturluson,"A collection of sagas about the Norwegian kings, written in Old Norse, blending history, genealogy, and legend.",Chronicles # Folklore # Genealogy
19,Partonopeus de Blois,Not specified (Anonymous),"An electronic edition of the 12th-century Old French romance Partonopeus de Blois, a hybrid of Arthurian legend and classical mythology.",Folklore # Mythology # History
20,Henry III Fine Rolls Project,Not specified (Royal Clerks),"A calendar and edition of the Fine Rolls of Henry III, recording payments made to the King for concessions and offering detailed insights into 13th-century governance.",History # Linguistics # Philosophy
21,Die Briefwechsel der Mathematiker Bernoulli,Bernoulli family,"The collected correspondence of the famous Bernoulli family of mathematicians, documenting the development of calculus and physics in the 17th and 18th centuries.",Genealogy # Correspondence # Mathematics
22,La Famiglia dell'Antiquario,Carlo Goldoni,"A digital text of Goldoni's comedy about an obsessive collector, highlighting the conflict between old-world obsession and practical family life.",Satire # Biography # Genealogy
23,Die Glossen Ekkeharts IV. im Codex Sangallensis 621,Ekkehard IV of St. Gall,"An edition of the interlinear and marginal glosses by Ekkehard IV on the text of Orosius, serving as a key source for medieval education and Latinity.",Criticism # Education # History
24,Inscriptions of the Northern Black Sea (IOSPE),Not specified (Inscribers),"A corpus of ancient Greek and Latin inscriptions found on the northern coast of the Black Sea, documenting the history of the Bosporan Kingdom and Greek colonies.",Epigraphy # Archaeology # Chronicles
25,La Entretenida Digital Edition,Miguel de Cervantes,"A multimedia edition of Cervantes' play La Entretenida, featuring the text alongside performance materials and scholarly commentary.",Drama # Criticism # History
26,A Survey of the Cities of London and Westminster by John Strype,John Strype,"A digital version of Strype's 1720 update to Stow's survey, providing a detailed topographical and historical description of early 18th-century London.",Chronicles # History # Linguistics
27,Letters of William Herle Project,William Herle,"The correspondence of an Elizabethan intelligencer and diplomat, offering a behind-the-scenes look at 16th-century espionage and politics.",Correspondence # Politics # History
28,The Diplomatic Correspondence of Thomas Bodley,Thomas Bodley,The letters of the founder of the Bodleian Library during his time as Queen Elizabeth's ambassador to the Netherlands.,Diplomacy # Correspondence # History
29,The Hooke Folio Online,Robert Hooke,"A transcription of the recently discovered folio of Robert Hooke, containing minutes of the Royal Society and personal scientific notes.",Science # Society # History
30,The Workdiaries of Robert Boyle,Robert Boyle,"A digital edition of the laboratory notebooks and workdiaries of the father of modern chemistry, documenting his experiments and thought processes.",Chemistry # Philosophy # Science
31,Jonathan Swift Archive,Jonathan Swift,"An archive containing transcriptions and facsimiles of Swift's major prose works, including Gulliver's Travels and A Tale of a Tub.",Folklore # Satire # History
32,The St Gall Priscian Glosses,Not specified (Irish Scholars),"A database of the thousands of Old Irish glosses found in the St. Gall manuscript of Priscian's Latin grammar, a crucial source for Celtic philology.",Linguistics # History # Philosophy
33,Nietzsche Source,Friedrich Nietzsche,"A comprehensive digital archive of Nietzsche's complete works, posthumous fragments, and correspondence, based on the critical Colli-Montinari edition.",Correspondence # Criticism # Philosophy
34,Early Irish Glossaries Database,Not specified (Irish Scholars),"A searchable database of medieval Irish glossaries (Sanas Cormaic, O'Mulconry's Glossary), which explain difficult or archaic words in early Irish literature.",Linguistics # History # Philosophy
35,The Holinshed Project,Raphael Holinshed,"A parallel text edition of the 1577 and 1587 editions of Holinshed's Chronicles, the primary source for many of Shakespeare's history plays.",Chronicles # History # Drama
36,Alciato's Book of Emblems,Andrea Alciato,"A comparative edition of the various printings of Alciato's Emblematum Liber, the foundational text of the Renaissance emblem tradition.",History # Linguistics # Philosophy
37,Electronic Variorum Edition of the Quixote,Miguel de Cervantes,"A digital variorum edition of Don Quixote, allowing users to compare the text of the first editions with subsequent significant printings.",History # Linguistics # Philosophy
38,Corpus Rhythmorum Musicum (SAEC. IV-IX) I - Songs from non-liturgical sources,Not specified (Various),"A critical edition of non-liturgical Latin songs from late antiquity and the early Middle Ages, focusing on the interplay between text and music.",Music # Liturgy # Criticism
39,The Book of Ben Sira,Jesus ben Sira,"A project presenting the Hebrew manuscripts of the Book of Ben Sira (Ecclesiasticus) found in the Cairo Genizah and Masada, alongside translations.",Theology # History # Linguistics
40,Christine de Pizan: The Making of the Queen's Manuscript,Christine de Pizan,"A digital facsimile and analysis of Harley MS 4431, the collected works of Christine de Pizan presented to Queen Isabeau of Bavaria.",History # Linguistics # Philosophy
41,Corpus of the Inscriptions of Campā (CIC),Not specified (Inscribers),"A collection of Sanskrit and vernacular inscriptions from the ancient Kingdom of Champa (modern Vietnam), documenting its political and religious history.",Epigraphy # Archaeology # Chronicles
42,Dante Online,Dante Alighieri,"A digital library containing the complete works of Dante Alighieri in the original Italian, accompanied by search tools and critical apparatus.",Criticism # Poetry # History
43,Darwin Correspondence Project,Charles Darwin,"The complete correspondence of Charles Darwin, providing essential context for the development of his theory of evolution and his scientific network.",Correspondence # Science # History
44,De Trein der Traagheid,Johan Daisne,"A scholarly electronic edition of Daisne's magic realist novel, allowing for the comparison of different textual versions and manuscript stages.",History # Linguistics # Philosophy
45,Early Stuart Libels,Not specified (Anonymous),"A web-based edition of subversive poetry and political libels from the reigns of James I and Charles I, circulating in manuscript form.",Politics # Poetry # Satire
46,Folger Shakespeare Editions,William Shakespeare,"High-quality, searchable digital texts of Shakespeare's plays and poems, edited by the Folger Shakespeare Library for scholars and the general public.",Drama # Poetry # History
47,Frankenstein,Mary Shelley,A comparative edition allowing users to view the 1818 and 1831 editions of Frankenstein alongside the original manuscript drafts.,History # Linguistics # Philosophy
48,Glossae.net,Not specified (Scholars),"A resource dedicated to the study of medieval biblical and legal glosses, providing digital editions of these complex, multi-layered texts.",Criticism # Law # Theology
49,Heinrich-Heine Portal,Heinrich Heine,"A digital gateway to the complete works and correspondence of Heinrich Heine, integrating the secular historical-critical edition with digital tools.",Chronicles # Correspondence # Criticism
50,Henrik Ibsens Skrifter,Henrik Ibsen,"The complete writings of the Norwegian playwright Henrik Ibsen, including plays, poems, letters, and non-fiction prose, with critical commentary.",Criticism # Drama # Correspondence
51,Mark Twain Project,Mark Twain,"A massive critical edition of Mark Twain's private papers, letters, and published works, offering unprecedented access to his writing process.",Correspondence # Criticism # History
52,Niccolò Canussio: De restitutione patriae,Niccolò Canussio,An electronic edition of a 15th-century humanist dialogue advocating for the restoration of the patriarchal see of Aquileia to Udine.,Rhetoric # History # Linguistics
53,Queste del Saint Graal,Not specified (Anonymous),"A digital edition of the Quest for the Holy Grail, part of the Lancelot-Grail cycle, focusing on the spiritual journey of Galahad.",Hagiography # Religion # History
54,The Auchinleck manuscript,Not specified (Compilers),"A digital facsimile and transcription of the Auchinleck Manuscript, a key source for Middle English romances that likely influenced Chaucer.",History # Linguistics # Philosophy
55,The Casebooks Project,Simon Forman & Richard Napier,"A digital edition of the astrological medical records of two 17th-century practitioners, documenting thousands of consultations with ordinary people.",Medicine # History # Linguistics
56,The Confessions of Augustine: An Electronic Edition,Augustine of Hippo,"A hypertext edition of Augustine's spiritual autobiography, featuring the Latin text with links to commentary and biblical references.",Religion # Theology # Biography
57,The Derveni Papyrus,Not specified (Commentator),"An edition of the oldest surviving European ""book,"" a papyrus roll containing an allegorical commentary on an Orphic poem.",Archaeology # Criticism # Philosophy
58,The Gospel according to St. John,Not specified (Evangelist),"A critical editing project focused on the Greek manuscripts of the Gospel of John, aiming to reconstruct the text's transmission history.",Chronicles # Criticism # History
59,The Proceedings of the Old Bailey,Not specified (Court Recorders),"A fully searchable edition of the proceedings of London's central criminal court from 1674 to 1913, documenting the lives of non-elite citizens.",Law # Biography # Chronicles
60,The Richard Brome Project,Richard Brome,"A scholarly online edition of the complete plays of Richard Brome, a 17th-century playwright and former servant of Ben Jonson.",Drama # History # Linguistics
61,The Svoboda Diary Project,Alexander Svoboda,"The personal diaries of a 19th-century teenager traveling from Baghdad to Europe, offering a unique perspective on the Ottoman Empire.",Biography # History # Linguistics
62,William Godwin's Diary,William Godwin,"A digital transcription of the diary kept by the philosopher William Godwin for 48 years, recording his reading, writing, and social interactions.",Biography # Philosophy # Society
63,The Augsburg Web Edition of Llull's Electoral Writings,Ramon Llull,"A digital edition of Llull's works on voting theory and electoral systems, texts that anticipate modern social choice theory by centuries.",Philosophy # Society # History
64,Digital Mishnah,Not specified (Rabbis),"A project to create a dynamic critical edition of the Mishnah, the first major written collection of the Jewish oral traditions (Oral Torah).",Criticism # Religion # History
65,The Online Critical Pseudepigrapha,Not specified (Various),"An electronic publication of the Pseudepigrapha, ancient Jewish and Christian religious texts that were not included in the biblical canon.",Religion # Archaeology # Criticism
66,Dead Sea Scrolls,Not specified (Scribes),"A high-resolution digital library of the Dead Sea Scrolls, allowing users to examine these ancient biblical and sectarian manuscripts in detail.",Theology # Archaeology # History
67,Thomas Moore Archive,Thomas Moore,"An archive of the poet, singer, and songwriter Thomas Moore, featuring his Irish Melodies and other works that defined Irish identity.",Music # Poetry # History
68,The Digital Walters,Not specified (Various),A project by the Walters Art Museum to digitize and release its entire collection of illuminated manuscripts under a Creative Commons license.,Art # History # Linguistics
69,Codex Bezae Cantabrigiensis,Not specified (Scribes),"A digital edition of Codex Bezae, a 5th-century manuscript of the New Testament known for its unique textual variants and bilingual Greek/Latin text.",Theology # History # Linguistics
70,The Gascon Rolls Project (1317-1468),Not specified (Royal Clerks),"A calendar and edition of the Gascon Rolls, which record the English administration of the Duchy of Aquitaine in France during the Hundred Years' War.",History # Linguistics # Philosophy
71,LangScape,Not specified (Researchers),"A portal providing access to digital language resources and maps, allowing users to explore the linguistic diversity of the world.",Geography # Linguistics # History
72,The Digital Ark,Not specified (Various),"A project focused on the digital preservation and presentation of endangered cultural heritage materials, including manuscripts and oral histories.",History # Linguistics # Philosophy
73,The Southey-Wright Debate,Robert Southey & William Wright,An electronic edition of the public controversy between the Poet Laureate Robert Southey and the radical publisher William Wright over censorship.,Politics # Poetry # History
74,James Joyce's Ulysses,James Joyce,"A digital resource dedicated to Joyce's modernist masterpiece, offering the text with annotations, maps, and character studies.",History # Linguistics # Philosophy
75,The Complete Writings and Pictures of Dante Gabriel Rossetti,Dante Gabriel Rossetti,"A hypermedia archive of the works of the Pre-Raphaelite poet and painter, allowing for the interdisciplinary study of his verbal and visual art.",Art # Poetry # History
76,The Map of Early Modern London,Not specified (Cartographers),"A project based on the Agas Map of London (1561), linking places on the map to literary texts and historical documents from the period.",Geography # History # Linguistics
77,Transcribe Bentham,Jeremy Bentham,"A participatory initiative to transcribe the thousands of unpublished manuscripts of the philosopher Jeremy Bentham, founder of utilitarianism.",Philosophy # History # Linguistics
78,Van Gogh Letters,Vincent van Gogh,"A complete, illustrated, and annotated edition of the correspondence of Vincent van Gogh, providing deep insight into his artistic development.",Art # Correspondence # History
79,The Newton Project Canada,Isaac Newton,"A partner project to the Newton Project, focusing on Newton's alchemical and theological manuscripts to reveal his non-scientific interests.",Science # Theology # History
80,Old Bailey Online,Not specified (Court Recorders),"A searchable edition of the Proceedings of the Old Bailey, 1674-1913, providing details of 197,745 criminal trials held at London's central criminal court.",Law # Chronicles # History
81,The Diary of Samuel Pepys,Samuel Pepys,"A blog-style publication of the diary of Samuel Pepys, posted daily to match the original dates, creating a real-time reading experience.",Biography # Chronicles # History
82,Proceedings of the Old Bailey,Not specified (Court Recorders),"A duplicate entry or specific subset of the Old Bailey proceedings, focusing on criminal justice history.",Law # Chronicles # History
83,The William Blake Archive,William Blake,"A hypermedia archive of Blake's poetry and art, allowing users to compare different copies of his illuminated books in high resolution.",Art # Poetry # History
84,Rossetti Archive,Dante Gabriel Rossetti,"An archive facilitating the scholarly study of Dante Gabriel Rossetti, focusing on his dual career as a painter and poet.",Art # Poetry # History
85,The Walt Whitman Archive,Walt Whitman,"A comprehensive resource for the study of Whitman's life and work, including manuscripts, periodicals, and translations.",Poetry # History # Linguistics
86,The Willa Cather Archive,Willa Cather,"An ambitious project to digitize the complete works and correspondence of the American novelist Willa Cather, author of My Ántonia.",Correspondence # History # Linguistics
87,Uncle Tom's Cabin and American Culture,Harriet Beecher Stowe,"A multimedia archive centered on Uncle Tom's Cabin, exploring its massive cultural impact through texts, images, songs, and film clips.",Society # History # Linguistics
88,Women Writers Project,Not specified (Various),"A long-running project to publish digital editions of early modern women's writing in English, recovering lost voices from the literary canon.",Gender # History # Linguistics
89,Wright American Fiction,Not specified (Various),"A collection of American fiction from 1851 to 1875, attempting to include every novel published in the United States during that period.",History # Linguistics # Philosophy
90,The Year of the Arrow,Not specified (Chroniclers),"A digital narrative or edition focusing on the events of a specific historical year, possibly related to conflict or plague (needs specific context).",History # Linguistics # Philosophy
91,1914-1918-online. International Encyclopedia of the First World War,Not specified (Historians),"An open-access encyclopedia of WWI, featuring articles by experts from around the world and a wealth of images and maps.",Military # Chronicles # Geography
92,A Vision of Britain through Time,Not specified (Geographers),"A digital library of travel writing, maps, and census data, documenting the changing landscape and population of Britain over two centuries.",Geography # History # Linguistics
93,British History Online,Not specified (Various),"A digital library of key printed primary and secondary sources for the history of Britain and Ireland, from the medieval period to 1900.",History # Linguistics # Philosophy
94,Connected Histories,Not specified (Various),"A federated search engine allowing users to search across a wide range of digital resources for British history, revealing hidden connections.",History # Linguistics # Philosophy
95,Digital Bodleian,Not specified (Various),"The digital collections of the Bodleian Library, offering access to thousands of manuscripts, maps, and rare books from around the world.",History # Linguistics # Philosophy
96,Early English Books Online (EEBO),Not specified (Various),"A definitive online collection of early printed books in English, containing digital facsimiles of virtually every work printed in England from 1473-1700.",History # Linguistics # Philosophy
97,Eighteenth Century Collections Online (ECCO),Not specified (Various),"A vast digital library of the 18th century, containing every significant English-language and foreign-language title printed in Great Britain during the 1700s.",History # Linguistics # Philosophy
98,Gallica,Not specified (Various),"The digital library of the Bibliothèque nationale de France, providing access to millions of documents including books, maps, and sound recordings.",History # Linguistics # Philosophy
99,Google Books,Not specified (Various),"A massive project to digitize the world's books, creating a searchable database of millions of titles from libraries and publishers.",History # Linguistics # Philosophy
100,HathiTrust Digital Library,Not specified (Various),A partnership of academic and research institutions offering a collection of millions of titles digitized from libraries around the world.,History # Linguistics # Philosophy
101,Edition der falschen Kapitularien des Benedictus Levita,Benedictus Levita,"A scholarly edition of the False Capitularies, a famous 9th-century forgery of church law attributed to a fictitious deacon named Benedict.",Law # Religion # History
102,The Royal Inscriptions of the Neo-Assyrian Period,Not specified (Scribes),"A standardized online corpus of the royal inscriptions of the Neo-Assyrian kings, recording their military campaigns and building projects.",Epigraphy # Archaeology # Architecture
103,Book of Margery Kempe,Margery Kempe,"A digital facsimile and transcription of the unique manuscript of The Book of Margery Kempe, the earliest autobiography in English.",Biography # History # Linguistics
104,William of Ockham: Dialogus,William of Ockham,"An edition of Ockham's Dialogus, a major treatise on heresy, papal power, and the rights of subjects vs. rulers.",Philosophy # Politics # History
105,Domesday Explorer,Not specified (Scribes),"A digital database of the Domesday Book, the great survey of England commissioned by William the Conqueror in 1086.",History # Linguistics # Philosophy
106,Chopin's First Editions Online,Frédéric Chopin,"A digital resource uniting all the diverse first impressions of Chopin's music from his original French, German, and English publishers.",Music # History # Linguistics
107,Jane Austen's Fiction Manuscripts,Jane Austen,"A digital reunification of all surviving fiction manuscripts of Jane Austen, allowing study of her drafting and editing process.",History # Linguistics # Philosophy
108,The Walt Whitman Archive,Walt Whitman,"An exhaustive archive of Whitman's work, including all editions of Leaves of Grass, manuscripts, notebooks, and correspondence.",Correspondence # Poetry # History
109,Schenker Documents Online,Heinrich Schenker,"An edition of the personal papers, diaries, and lesson books of the influential music theorist Heinrich Schenker.",Music # Biography # History
110,Online Chopin Variorum Edition,Frédéric Chopin,A tool for comparing the various early printed sources of Chopin's music to analyze textual discrepancies and evolutionary changes.,Music # History # Linguistics
111,John Foxe's The Acts and Monuments Online,John Foxe,"A digital edition of the four massive unabridged editions of Foxe's ""Book of Martyrs"" published during his lifetime.",Architecture # Chronicles # History
112,Oregon Petrarch Open Book Project,Francesco Petrarca,"A hypertext edition of Petrarch's Canzoniere (Rerum vulgarium fragmenta), exploring the structure and imagery of his sonnet sequence.",Poetry # History # Linguistics
113,Conclusiones CM,Giovanni Pico della Mirandola,"A digital text of the 900 Theses proposing a universal syncretism of philosophy and religion, for which Pico was accused of heresy.",Philosophy # Religion # History
114,Decameron Web,Giovanni Boccaccio,"A comprehensive project dedicated to the Decameron, featuring the text, translations, historical context, and critical essays.",Chronicles # Criticism # History
115,Pico della Mirandola: De hominis dignitate,Giovanni Pico della Mirandola,"An edition of the Oration on the Dignity of Man, the famous ""manifesto of the Renaissance"" defending human free will and potential.",Philosophy # History # Linguistics
116,Inscriptions of Israel/Palestine,Not specified (Inscribers),"A database of inscriptions from the region of Israel/Palestine dating from the Persian period to the Islamic conquest, in multiple languages.",Epigraphy # Archaeology # History
117,Parzival-Projekt,Wolfram von Eschenbach,"A comprehensive electronic edition of the medieval Grail romance Parzival, presenting facsimiles and transcriptions of all major manuscripts.",History # Linguistics # Philosophy
118,Decameron Ipertestuale,Giovanni Boccaccio,A hypertextual edition of the Decameron focusing on the intertextual and structural relationships within the narrative collection.,History # Linguistics # Philosophy
119,Percy Bysshe Shelley: The Devil's Walk,Percy Bysshe Shelley,"An edition of Shelley's broadside ballad ""The Devil's Walk,"" a satire on the British government and social conditions.",Poetry # Politics # Satire
120,Poems by Anna Laetitia Aikin,Anna Laetitia Barbauld,A digital edition of the 1773 collection of poems that launched the career of the influential writer and dissenter Anna Laetitia Barbauld.,Poetry # History # Linguistics
121,The Letters of Robert Bloomfield,Robert Bloomfield,"The collected correspondence of the ""peasant poet"" Robert Bloomfield, shedding light on working-class literary life in the Romantic era.",Correspondence # Biography # Poetry
122,The Shelley-Godwin Archive,Shelley & Godwin,"An archive digitizing the manuscripts of Percy Bysshe Shelley, Mary Shelley, William Godwin, and Mary Wollstonecraft.",History # Linguistics # Philosophy
123,Thomas Lovell Beddoes: The Brides' Tragedy,Thomas Lovell Beddoes,"An edition of Beddoes' macabre and Jacobean-influenced tragedy, exploring themes of love, murder, and the supernatural.",Drama # History # Linguistics
124,The Online Froissart,Jean Froissart,"A digital edition of Froissart's Chronicles, a major source for the Hundred Years' War, presenting the text alongside manuscript illuminations.",Chronicles # History # Military
125,Welsh Prose 1350-1425,Not specified (Various),"A corpus of Middle Welsh prose texts, providing a basis for linguistic analysis and the study of Welsh narrative tradition.",Linguistics # History # Philosophy
126,The Newton Project,Isaac Newton,"A complete online edition of Newton's writings, including his scientific masterpieces as well as his extensive theological and alchemical papers.",Science # Theology # History
127,Vercelli Book Digitale,Not specified (Compilers),"A digital facsimile and edition of the Vercelli Book, one of the four major poetic codices of Old English literature.",Poetry # History # Linguistics
128,I testimoni della Vita Nova,Dante Alighieri,"A project analyzing the manuscript tradition of Dante's Vita Nova, his prosimetrum about his love for Beatrice.",Poetry # History # Linguistics
129,"Frankenstein; or, the Modern Prometheus",Mary Shelley,"A specialized resource focusing on the text of Frankenstein, offering widely accessible versions and scholarly contexts.",History # Linguistics # Philosophy
130,Livingstone Online,David Livingstone,"A digital museum and library dedicated to the life and work of David Livingstone, featuring his field diaries, letters, and maps.",Biography # Correspondence # Geography
131,Edizione Critica Ipertestuale dello Zibaldone Laurenziano (Pluteo XXIX.8) autografo di Giovanni Boccaccio,Giovanni Boccaccio,"A critical hypertext edition of the Zibaldone Laurenziano, Boccaccio's personal autograph notebook containing literary and student texts.",Criticism # History # Linguistics
132,"A Social Edition of the Devonshire MS (BL Add 17,492)",Not specified (Tudor Court),"An edition of a verse miscellany compiled by women at the court of Anne Boleyn, annotated through a process of ""social"" community editing.",Society # Law # Poetry
133,Les Bibliothèques Virtuelles Humanistes,Not specified (Humanists),"A digital library providing facsimiles of French Renaissance books and manuscripts, focusing on the spread of humanism.",History # Linguistics # Philosophy
134,The Paris Codex,Not specified (Maya Scribes),"A digital presentation of one of the few surviving pre-Columbian Maya books, detailing zodiacal constellations and calendar cycles.",Astronomy # History # Linguistics
135,The Memorandoms of James Martin,James Martin,"The only known First Fleet convict narrative, recounting James Martin's escape from Botany Bay and arduous open-boat journey to Timor.",Botany # History # Linguistics
136,Actes Royaux,Not specified (Royal Clerks),"A database of French royal acts and charters from the Middle Ages, serving as a primary source for legal and political history.",Chronicles # History # Law
137,American Verse Project,Not specified (Various),"An electronic archive of volumes of American poetry prior to 1920, searchable by full text.",Poetry # History # Linguistics
138,Bernard Muir's CD-ROM facsimile of Bodleian Library MS Junius 11,Not specified (Various),"A digital facsimile of the Junius 11 manuscript, the ""Caedmon manuscript,"" containing Old English biblical poetry like Genesis and Exodus.",Poetry # Theology # History
139,Candide 2.0,Voltaire,"An enriched digital edition of Voltaire's Candide, featuring the text alongside manuscript variants, illustrations, and commentary.",Criticism # Philosophy # Satire
140,Chronik des Gettos Łódź / Litzmannstadt,Not specified (Ghetto Inhabitants),"A digital edition of the chronicle kept by Jewish inhabitants of the Łódź Ghetto, recording the daily struggle for survival under Nazi occupation.",Chronicles # History # Religion
141,Clotel by William Wells Brown,William Wells Brown,"An electronic edition of the first novel published by an African American, exploring the tragic lives of the mixed-race daughters of Thomas Jefferson.",Biography # History # Linguistics
142,DASI: Digital Archive for the Study of Pre-Islamic Arabian Inscriptions,Not specified (Inscribers),"An archive of inscriptions from pre-Islamic Arabia, documenting the languages and cultures of the peninsula before the rise of Islam.",Epigraphy # Archaeology # Religion
143,"Datini, Lettere",Francesco Datini,"The massive business and personal correspondence of the ""Merchant of Prato,"" offering vivid details of 14th-century trade and daily life.",Correspondence # Economics # Biography
144,Digital Shikshapatri,Swaminarayan,"A digital presentation of the Shikshapatri, a key scripture of the Swaminarayan sect of Hinduism, outlining a code of conduct for devotees.",Religion # History # Linguistics
145,Electronic Beowulf 4.0,Not specified (Poet),"A celebrated digital edition of the Beowulf manuscript, providing high-resolution images, transcripts, and tools for paleo-graphical study.",Poetry # History # Linguistics
146,Emily Dickinson's Archive,Emily Dickinson,"An open-access collection of high-resolution images of Emily Dickinson’s surviving manuscripts, allowing readers to see her unique visual poetics.",Art # Poetry # History
147,Emily Dickinson's Correspondences,Emily Dickinson,"A digital edition of Dickinson's letters, treating them as literary texts in their own right and revealing her intense personal relationships.",Correspondence # History # Linguistics
148,Gabriel Harvey's Livy Online,Gabriel Harvey,"An edition of Gabriel Harvey's annotated copy of Livy's History of Rome, a prime example of how Renaissance readers engaged with classical texts.",Chronicles # History # Linguistics
149,Galileo Galilei's Notes on Motion,Galileo Galilei,"A digital reconstruction of Galileo's manuscript notes on motion, documenting the experiments that led to his laws of falling bodies.",Science # History # Linguistics
150,Göttinger Statuten (kundige bok 2),Not specified (City Council),"An edition of the ""Kundige Bok,"" the statute book of the city of Göttingen, recording medieval municipal laws and regulations.",Law # Chronicles # History
151,Herman Melville's Typee,Herman Melville,"A fluid-text edition of Melville's first novel, Typee, showing the revisions made to the manuscript and the differences between early editions.",History # Linguistics # Philosophy
152,In Mozart's Words,Mozart,"A multilingual digital edition of the correspondence of Mozart and his family, providing insight into his life, travels, and musical career.",Music # Biography # Correspondence
153,Intibah Edition and Transcription,Namık Kemal,"A digital transcription and edition of Intibah (Awakening), considered the first literary novel of the Ottoman Tanzimat period.",History # Linguistics # Philosophy
154,Jerilderie Letter,Ned Kelly,"A digital presentation of the famous 8,000-word letter dictated by the outlaw Ned Kelly, justifying his actions and criticizing police corruption.",Correspondence # Chronicles # History
155,John Barclay: Argenis,John Barclay,"An online edition of Argenis, a highly influential 17th-century political romance written in Latin that was read across Europe.",Politics # History # Linguistics
156,Journal of Emily Shore,Emily Shore,"The diary of a precocious young Englishwoman who died of consumption at 19, recording her intellectual development and natural history observations.",Biography # Chronicles # History
157,Lautréamont / Ducasse,Lautréamont,"A digital archive of the works of Isidore Ducasse (Lautréamont), the precursor to Surrealism known for Les Chants de Maldoror.",Poetry # History # Linguistics
158,Le Cartulaire de la seigneurie de Nesle,Not specified (Clerics),"An edition of the cartulary of the Lordship of Nesle, preserving charters and documents related to the administration of this French fiefdom.",History # Linguistics # Philosophy
159,Martha Ballard's Diary Online,Martha Ballard,"The diary of a Maine midwife from 1785-1812, recording thousands of births and providing a detailed account of the domestic economy of the time.",Biography # Economics # History
160,Olive Schreiner Letters Online,Olive Schreiner,"The collected letters of the South African writer and feminist Olive Schreiner, author of The Story of an African Farm.",Correspondence # Gender # History
161,Online Electronic Variorum of the Works of Rabindranath Tagore,Rabindranath Tagore,"A variorum edition of the works of the Nobel laureate Tagore, allowing for the comparison of different versions of his poems and songs.",Music # Poetry # History
162,Ordonnances de l'hôtel du roi,Not specified (Royal Clerks),"An edition of the ordinances regulating the French King's household (Hôtel du Roi), detailing court hierarchy, etiquette, and logistics.",Chronicles # History # Law
163,Septuaginta LXX,Not specified (Translators),A project providing the text of the Septuagint (the Greek Old Testament) alongside translations and textual tools.,Theology # History # Linguistics
164,Sirat Bani Hilal Digital Archive,Not specified (Oral Poets),"An archive preserving audio recordings and manuscripts of the Sirat Bani Hilal, a massive Arabic oral epic poem about the migration of the Bedouin tribe.",Poetry # History # Linguistics
165,Søren Kierkegaards Skrifter,Søren Kierkegaard,"The complete works and journals of the Danish philosopher Søren Kierkegaard, presented in a sophisticated digital environment.",Philosophy # Nature # History
166,Stijn Streuvels: De teleurgang van den Waterhoek (The decline of the Waterhoek) CDROM,Stijn Streuvels,"A genetic edition of Streuvels' novel, documenting the text's evolution from manuscript drafts to the final published version.",History # Linguistics # Philosophy
167,The Adams Papers,Adams Family,"A digital edition of the diaries, letters, and papers of the Adams family, including John, Abigail, and John Quincy Adams.",Genealogy # Biography # Chronicles
168,The Alcalá Account Book Project,Not specified (Administrators),"An edition of the account books of the Irish College at the University of Alcalá, documenting the daily expenses and diet of the student community.",Economics # History # Linguistics
169,The Bawdy Court,Not specified (Church Courts),"An edition of the records of the ecclesiastical courts of Ely, which prosecuted ""sinful"" behavior like defamation, drunkenness, and sexual misconduct.",Law # Chronicles # History
170,The Diaries of Elizabeth Robinson Montagu,Elizabeth Robinson Montagu,"The diaries of the famous ""Queen of the Blues,"" Elizabeth Montagu, a central figure in 18th-century intellectual circles and the Bluestocking movement.",Biography # Society # History
171,The Digital Thoreau,Henry David Thoreau,"A fluid-text edition of Walden and other works by Thoreau, tracking the complex revisions he made over years of writing.",History # Linguistics # Philosophy
172,The Emigrant's Letter,Not specified (Emigrants),"A collection of letters written by Irish emigrants to North America, providing first-hand accounts of the immigrant experience.",Correspondence # History # Linguistics
173,The English Monarchs,Not specified (Various),"A resource likely detailing the lives and reigns of English monarchs, possibly containing genealogical data and biographies.",Genealogy # Biography # History
174,The Henslowe-Alleyn Digitisation Project,Philip Henslowe & Edward Alleyn,"An archive of the papers of the theatre impresario Philip Henslowe and the actor Edward Alleyn, crucial for understanding the business of Elizabethan theatre.",Drama # History # Linguistics
175,The Letters of Samuel Beckett,Samuel Beckett,"A selected edition of Beckett's letters, revealing his personality, artistic struggles, and engagement with the literary world.",Correspondence # Art # History
176,The Letters of Vincent van Gogh,Vincent van Gogh,"(Duplicate/Similar to 78) A comprehensive edition of Van Gogh's letters, rich with sketches and reflections on art and life.",Art # Correspondence # History
177,"The Life and Opinions of Tristram Shandy, Gentleman",Laurence Sterne,"A hypermedia edition of Sterne's experimental novel, exploring its digressive structure, typography, and intertextuality.",History # Linguistics # Philosophy
178,The Making of the Charters,Not specified (Scribes),"A project analyzing the drafting and physical production of medieval charters, focusing on the scribal practices of the royal chancery.",History # Linguistics # Philosophy
179,The Middle English Grammar Project,Not specified (Linguists),A project building a corpus of localized Middle English texts to map dialect variation and the development of the language.,Linguistics # History # Philosophy
180,The Origins of the Irish Constitution,Not specified (Drafters),"A digital edition of the documents leading up to the 1922 Irish Constitution, including drafts, debates, and committee minutes.",Law # Politics # History
181,The Papers of George Washington,George Washington,"A comprehensive edition of Washington's correspondence, diaries, and military orders, documenting the founding of the United States.",Military # Correspondence # History
182,The Papers of Thomas Jefferson,Thomas Jefferson,"The definitive edition of Jefferson's writings, including his vast correspondence and state papers.",Correspondence # Politics # History
183,The Parliament Rolls of Medieval England,Not specified (Scribes),"The official records of the meetings of the English Parliament from 1275 to 1504, a fundamental source for constitutional history.",Politics # Chronicles # History
184,The Records of the Parliaments of Scotland to 1707,Not specified (Scribes),A fully searchable database of the proceedings of the Scottish Parliament from the first surviving act in 1235 to the Union of 1707.,Politics # Chronicles # History
185,The Records of the Venetian Senate,Not specified (Scribes),"A digital calendar of the deliberations of the Venetian Senate (Senato), the main governing body of the Republic of Venice.",Politics # Chronicles # History
186,The Registers of the Privy Council of Scotland,Not specified (Clerks),"The records of the Privy Council, the executive arm of the Scottish government, dealing with administrative and judicial matters.",Politics # Law # History
187,The Remembrancia,Not specified (City Officials),A series of nine volumes containing correspondence between the City of London and the royal court from 1579 to 1664.,Correspondence # Politics # History
188,The Rolls of Parliament,Not specified (Scribes),"(Similar to 183) The official records of the English Parliament, digitized and accessible for historical research.",Politics # Chronicles # History
189,The Statutes of the Realm,Not specified (Legislators),An authoritative collection of the statutes (laws) enacted by the English Parliament from the Magna Carta to the end of the reign of Queen Anne.,Law # History # Linguistics
190,The Surman Index Online,Not specified (Surman),A biographical card index of nonconformist ministers in Great Britain from 1662 to 1972.,Biography # Religion # History
191,The Trans-Atlantic Slave Trade Database,Not specified (Researchers),"A massive database documenting nearly 36,000 slaving voyages that forcibly embarked over 12 million Africans for transport to the Americas.",History # Linguistics # Philosophy
192,The Victorian Lives and Letters Consortium,Not specified (Various),"A project creating interactive digital editions of the letters and diaries of prominent Victorians, linking them to a shared prosopography.",Biography # Correspondence # History
193,The William Godwin Archive,William Godwin,"(Similar to 122/193) An archive dedicated to the works and manuscripts of William Godwin, anarchist philosopher and novelist.",History # Linguistics # Philosophy
194,The Works of John Milton,John Milton,"A digital edition of Milton's complete poetry and prose, featuring the original spelling and critical commentary.",Poetry # History # Linguistics
195,The Works of Mary Wollstonecraft,Mary Wollstonecraft,"An electronic edition of the writings of the feminist philosopher Mary Wollstonecraft, including A Vindication of the Rights of Woman.",Gender # Philosophy # History
196,The Writings of Henry D. Thoreau,Henry David Thoreau,"(Similar to 171) The standard scholarly edition of Thoreau's journals, essays, and books.",History # Linguistics # Philosophy
197,Thomas Jefferson Papers,Thomas Jefferson,(Similar to 182) A digital collection of Jefferson's papers held at the Library of Congress.,Correspondence # Politics # History
198,Victorian Women Writers Project,Not specified (Various),"An archive of texts by British women writers of the late 19th century, covering poetry, novels, and essays.",Gender # History # Linguistics
199,Who's Who in Victorian Cinema,Not specified (Various),"A biographical resource covering the inventors, directors, actors, and camera operators of the early film industry.",Biography # Technology # History
200,William Blake's Songs of Innocence and of Experience,William Blake,A digital edition focusing specifically on Blake's most famous collection of illustrated poems.,Art # Poetry # History
201,Dante's Commedia,Dante Alighieri,A digital edition of the Divine Comedy focusing on the text's manuscript tradition and variant readings.,Poetry # Satire # History
202,"A London Provisioner's Chronicle, 1550–1563, by Henry Machyn: Manuscript, Transcription, and Modernization",Henry Machyn,"The diary of a London merchant undertaker, providing a vivid account of funerals, pageants, and executions in Tudor London.",Biography # Chronicles # History
203,Collection of Swiss Law Sources,Not specified (Various),"A massive digital repository of historical legal sources from Switzerland, dating from the Middle Ages to the early modern period.",Law # Chronicles # History
204,El Cancionero digital de Gómez Manrique (páginas 11-44),Gómez Manrique,"A digital edition of the cancionero of the 15th-century poet Gómez Manrique, uncle of Jorge Manrique.",Poetry # History # Linguistics
205,ASChart Anglo-Saxon Charters,Not specified (Scribes),"A database and edition of Anglo-Saxon charters, the legal documents recording land grants and privileges in early medieval England.",Chronicles # History # Law
206,Excerpts from the Chronicle of Matthew of Edessa,Matthew of Edessa,"An edition of sections from the chronicle of Matthew of Edessa, a primary source for the history of the Crusades and the Near East.",Chronicles # History # Linguistics
207,Les Cours d’Antoine Desgodets,Antoine Desgodets,"The lecture notes of the architect Antoine Desgodets, who taught at the Royal Academy of Architecture in Paris.",Architecture # History # Linguistics
208,Digitale Edition und Kommentierung der Tagebücher des Fürsten Christian II. von Anhalt-Bernburg,Christian II of Anhalt-Bernburg,"The extensive diaries of a German prince during the Thirty Years' War, documenting court life, politics, and military events.",Biography # Military # Religion
209,Die Relatio Adelberts von Heidenheim und der Text Ilsungs,Adalbert of Heidenheim,"An edition of a 12th-century report on the miracles of St. Walpurga, shedding light on medieval monasticism and saint cults.",Hagiography # History # Linguistics
210,Je chante ung chant,Not specified (Composers),"An archive of the ""Je chante ung chant"" corpus of medieval songs, exploring the transmission of polyphonic music.",Music # History # Linguistics
211,Einstein Archives Online,Albert Einstein,"A comprehensive digital archive of Einstein's scientific and non-scientific manuscripts, including the papers on Relativity.",Science # History # Linguistics
212,Codice Pelavicino,Not specified (Scribes),"A digital edition of the Liber Iurium of the Bishop of Luni, a 13th-century manuscript recording the bishopric's rights and properties.",Chronicles # History # Linguistics
213,Woolf Online,Virginia Woolf,"A scholarly platform dedicated to To the Lighthouse, featuring the manuscript, typescripts, proofs, and first edition of the novel.",History # Linguistics # Philosophy
214,Les manuscrits de Madame Bovary,Gustave Flaubert,"A complete transcription of the thousands of manuscript pages of Madame Bovary, allowing readers to trace the novel's genesis.",History # Linguistics # Philosophy
215,Digital Schomburg Editions: African American Women Writers of the 19th century,Not specified (Various),"A collection of 19th-century fiction, poetry, and biography by Black women, including Phillis Wheatley and Frances Ellen Watkins Harper.",Gender # Biography # Poetry
216,Faust Edition,Johann Wolfgang von Goethe,"A comprehensive historical-critical edition of Goethe's Faust, presenting all manuscript witnesses and printed versions.",Chronicles # Criticism # History
217,Theodor Fontane: Notizbücher,Theodor Fontane,"A genetic edition of the notebooks of the novelist Theodor Fontane, containing sketches, drafts, and observations used in his fiction.",History # Linguistics # Philosophy
218,Johann Christian Senckenberg: Digital Edition of the Diaries,Johann Christian Senckenberg,"The diaries of the Frankfurt physician and naturalist Senckenberg, providing a detailed record of 18th-century medical practice and daily life.",Biography # Medicine # Religion
219,Édition des journaux d'Alexandre Dumas,Alexandre Dumas,"An edition of the newspapers founded and edited by Dumas, revealing his prolific output as a journalist and commentator.",Journalism # History # Linguistics
220,Alexander von Humboldt Briefedition,Alexander von Humboldt,A large-scale project digitizing the vast correspondence of the explorer and scientist Alexander von Humboldt.,Science # Correspondence # History
221,Jacob Burckhardt,Jacob Burckhardt,"A critical edition of the works and letters of the Swiss historian Jacob Burckhardt, founder of cultural history and author of The Civilization of the Renaissance in Italy.",History # Anthropology # Chronicles
222,Key Documents of German-Jewish History,Not specified (Various),A bilingual digital source edition documenting the history of Jews in Germany from the early modern period to the present.,Chronicles # History # Religion
223,Sappho’s Poems,Sappho,"A digital collection of the surviving fragments of Sappho's poetry, often including the original Greek and translations.",Poetry # Archaeology # History
224,L’Orlando Furioso e la sua traduzione in immagini,Ludovico Ariosto,"A project exploring the visual reception of Orlando Furioso, archiving the illustrations and paintings inspired by the epic over centuries.",Art # Poetry # History
225,Schopenhauer’s Library: Annotations and marks in his Spanish books,Arthur Schopenhauer,An analysis of the marginalia and annotations Schopenhauer made in the Spanish books in his personal library.,Philosophy # History # Linguistics
226,Clavius on the Web,Christoph Clavius,"A portal dedicated to the Jesuit mathematician Clavius, key architect of the Gregorian calendar, featuring his correspondence and works.",Correspondence # Mathematics # History
227,The Fleischmann Diaries,Aloys Fleischmann,"The diaries of the composer and professor Aloys Fleischmann, documenting the cultural and musical life of Cork and Ireland in the 20th century.",Biography # Music # Anthropology
228,Deutsches Textarchiv (DTA),Not specified (Various),"A massive, disciplined corpus of German texts from 1600 to 1900, providing a foundation for linguistic and literary research.",Linguistics # History # Philosophy
229,Project Tarsian: First Corinthians in Vaticanus Arabicus 13,Paul the Apostle (Text),"An edition of an Arabic manuscript of 1 Corinthians, exploring the textual history of the Bible in the Arabic-speaking world.",Theology # Chronicles # History
230,Letters of 1916,Not specified (Various),"A crowd-sourced digital archive of letters written in or to Ireland during the tumultuous year of 1916, covering the Easter Rising and WWI.",Correspondence # Chronicles # History
231,Bibliotheca Iuris Antiqui (BIA),Not specified (Jurists),"A database of ancient legal texts, primarily Roman, serving as a resource for legal historians.",Law # Archaeology # History
232,The Wandering Jew's Chronicle,Not specified (Anonymous),"An edition of the popular ballad ""The Wandering Jew's Chronicle,"" tracing the history of this legend in print culture.",Chronicles # History # Folklore
233,Roman Inscriptions of Britain,Not specified (Inscribers),"The standard corpus of Roman inscriptions found in Britain, digitized and searchable by location, type, and material.",Epigraphy # Geography # History
234,"Teutsche Academie der Bau-, Bild- und Mahlerey-Künste, Joachim von Sandrart, Nürnberg 1675/1679/1680: Wissenschaftlich kommentierte Online-Edition",Joachim von Sandrart,"A critical online edition of Sandrart's Teutsche Academie, a monumental 17th-century history of art and artists comparable to Vasari.",Art # Chronicles # History
235,ABaC:us - Austrian Baroque Corpus,Not specified (Various),"A digital corpus of religious and secular texts from the Austrian Baroque period, designed for linguistic and literary analysis.",Linguistics # Religion # History
236,Darwin Online: Online Variorum of Darwin’s Origin of Species,Charles Darwin,A tool allowing line-by-line comparison of the six editions of On the Origin of Species published during Darwin's lifetime.,History # Linguistics # Philosophy
237,Dāmos Database of Mycenaean at Oslo,Not specified (Scribes),"A searchable database of annotated Linear B texts, aiding the linguistic study of the earliest attested form of Greek.",Epigraphy # Linguistics # History
238,Van Nu en Straks brieven,Not specified (Editors),"The correspondence of the editors and contributors to Van Nu en Straks, the leading journal of the Flemish literary revival.",Correspondence # History # Linguistics
239,Streuvels en zijn uitgevers – brieven,Stijn Streuvels,"The correspondence between the author Stijn Streuvels and his publishers, illuminating the business of literature in the 20th century.",Chronicles # Correspondence # Economics
240,Briefwechsel Sauer-Seuffert,Sauer & Seuffert,"The correspondence between the Germanists August Sauer and Bernhard Seuffert, discussing the establishment of German philology as a discipline.",Linguistics # Correspondence # History
241,"Ursus from Benevento, De nomine",Ursus of Benevento,"An edition of a 9th-century grammatical treatise by Ursus of Benevento, significant for the study of medieval education in southern Italy.",Education # Linguistics # History
242,William F. Cody Archive,William F. Cody,"An archive documenting the life and career of ""Buffalo Bill"" Cody, exploring his role in shaping the myth of the American West.",Biography # Folklore # Mythology
243,Johannes Tinctoris: Complete Theoretical Works,Johannes Tinctoris,"A critical edition of the treatises of the 15th-century music theorist Tinctoris, covering counterpoint, modes, and notation.",Music # Criticism # History
244,Digital Athenaeus,Athenaeus,"A digital project focused on the Deipnosophists of Athenaeus, a massive compilation of ancient knowledge, quotations, and dining culture.",Anthropology # Archaeology # History
245,Magistri Guillelmi Autissiodorensis Summa de officiis ecclesiasticis,William of Auxerre,"An edition of William of Auxerre's Summa on ecclesiastical offices, a key text for understanding medieval liturgy and sacramental theology.",Religion # Theology # Liturgy
246,Musil Online,Robert Musil,"A digital edition of the works of Robert Musil, including the massive, unfinished novel The Man Without Qualities.",History # Linguistics # Philosophy
247,A Comprehensive Edition of Tocharian Manuscripts,Not specified (Scribes),"A project digitizing and editing manuscripts in the extinct Tocharian languages found on the Silk Road, crucial for Indo-European linguistics.",Linguistics # History # Philosophy
248,Briefe und Texte aus dem Intellektuellen Berlin um 1800,Not specified (Intellectuals),"A collection of letters and texts from the vibrant intellectual circles of Berlin around 1800, featuring figures like Tieck and Chamisso.",Correspondence # Philosophy # History
249,Biblioteca Digital del Pensamiento Novohispano,Not specified (Various),A library of philosophical and theological texts produced in New Spain (Mexico) during the colonial period.,Philosophy # Theology # History
250,Bliss-Tyler Correspondence,Bliss & Tyler,"The correspondence between Robert Woods Bliss and Royall Tyler, offering insights into 20th-century diplomacy and art collecting.",Correspondence # Diplomacy # Art
251,edition humboldt digital,Alexander von Humboldt,"The central digital edition of Humboldt's travel journals and writings, documenting his expeditions to the Americas.",Science # History # Linguistics
252,"Vespasiano da Bisticci, Lettere",Vespasiano da Bisticci,"The letters of the famous Florentine bookseller and biographer, a central node in the network of 15th-century humanists.",Correspondence # History # Linguistics
253,Digitale Edition der Briefe Erdmuthe Benignas von Reuß-Ebersdorf (1670-1732),Erdmuthe Benigna,"The correspondence of a noblewoman active in the Pietist movement, revealing the role of women in 18th-century religious networks.",Correspondence # Gender # Religion
254,Jane Addams Digital Edition,Jane Addams,"The collected papers of the social reformer and Nobel Peace Prize winner Jane Addams, covering Hull House and the peace movement.",Society # History # Linguistics
255,Les Pensées de Blaise Pascal,Blaise Pascal,"A digital edition of Pascal's Pensées, allowing users to reconstruct the fragmentary apologetic notes in various orders.",Philosophy # History # Linguistics
256,Ödön von Horváth: Historisch-kritische Ausgabe – Digitale Edition,Ödön von Horváth,"A critical edition of the plays and prose of Horváth, a key figure in 20th-century German-language literature known for his ""Volksstücke.""",Criticism # Drama # Linguistics
257,Lament of St. Anselm,Anselm of Canterbury,"An edition of the Planctus attributed to Anselm, a text expressing deep sorrow and penitence often used in medieval devotion.",History # Linguistics # Philosophy
258,Beethovens Werkstatt,Ludwig van Beethoven,A genetic criticism project analyzing Beethoven's sketching and composition process through high-resolution images and transcriptions.,Art # Music # Criticism
259,"William Blake's Vala, or the Four Zoas",William Blake,"A digital edition of Blake's epic poem Vala, or The Four Zoas, visualizing the complex manuscript layers and drawings.",Art # Poetry # History
260,The Shelley-Godwin Archive (Duplicate),Shelley & Godwin,(Duplicate of 122) A second entry for the Shelley-Godwin Archive.,History # Linguistics # Philosophy
261,The Rossetti Archive (Duplicate),Dante Gabriel Rossetti,(Duplicate of 84) A second entry for the Rossetti Archive.,Art # Poetry # History
262,The Whitman Archive (Duplicate),Walt Whitman,(Duplicate of 85) A second entry for the Whitman Archive.,Poetry # History # Linguistics
263,The Willa Cather Archive (Duplicate),Willa Cather,(Duplicate of 86) A second entry for the Willa Cather Archive.,Correspondence # History # Linguistics
264,The Women Writers Project (Duplicate),Not specified (Various),(Duplicate of 88) A second entry for the Women Writers Project.,Gender # History # Linguistics
265,The Wright American Fiction Project (Duplicate),Not specified (Various),(Duplicate of 89) A second entry for the Wright American Fiction Project.,History # Linguistics # Philosophy
266,The Year of the Arrow (Duplicate),Not specified (Chroniclers),(Duplicate of 90) A second entry for The Year of the Arrow.,History # Linguistics # Philosophy
267,1914-1918-online (Duplicate),Not specified (Historians),(Duplicate of 91) A second entry for the 1914-1918 online encyclopedia.,Military # Chronicles # Geography
268,A Vision of Britain (Duplicate),Not specified (Geographers),(Duplicate of 92) A second entry for A Vision of Britain.,Geography # History # Linguistics
269,British History Online (Duplicate),Not specified (Various),(Duplicate of 93) A second entry for British History Online.,History # Linguistics # Philosophy
270,Connected Histories (Duplicate),Not specified (Various),(Duplicate of 94) A second entry for Connected Histories.,History # Linguistics # Philosophy
271,Digital Bodleian (Duplicate),Not specified (Various),(Duplicate of 95) A second entry for Digital Bodleian.,History # Linguistics # Philosophy
272,EEBO (Duplicate),Not specified (Various),(Duplicate of 96) A second entry for Early English Books Online.,History # Linguistics # Philosophy
273,ECCO (Duplicate),Not specified (Various),(Duplicate of 97) A second entry for Eighteenth Century Collections Online.,History # Linguistics # Philosophy
274,Gallica (Duplicate),Not specified (Various),(Duplicate of 98) A second entry for Gallica.,History # Linguistics # Philosophy
275,Google Books (Duplicate),Not specified (Various),(Duplicate of 99) A second entry for Google Books.,History # Linguistics # Philosophy
276,HathiTrust (Duplicate),Not specified (Various),(Duplicate of 100) A second entry for HathiTrust.,History # Linguistics # Philosophy
277,The Internet Archive,Not specified (Various),"A non-profit library of millions of free books, movies, software, music, websites, and more.",History # Linguistics # Philosophy
278,Project Gutenberg,Not specified (Various),"A library of over 60,000 free eBooks, focusing on older works for which U.S. copyright has expired.",History # Linguistics # Philosophy
279,Wikisource,Not specified (Volunteers),"An online digital library of free-content textual sources on a wiki, operated by the Wikimedia Foundation.",History # Linguistics # Philosophy
280,Europeana,Not specified (Various),"A web portal created by the European Union containing millions of digitized paintings, music, books, and films from European galleries and museums.",History # Linguistics # Philosophy
281,Digital Public Library of America (DPLA),Not specified (Various),A US-based project aimed at providing public access to digital holdings in order to create a large-scale public digital library.,History # Linguistics # Philosophy
282,World Digital Library,Not specified (Various),An international digital library operated by UNESCO and the Library of Congress.,History # Linguistics # Philosophy
283,Perseus Digital Library,Not specified (Classicists),"A digital library project of Tufts University that assembles digital collections of humanities resources, focusing on the classical world.",History # Linguistics # Philosophy
284,Thesaurus Linguae Graecae (TLG),Not specified (Classicists),"A research center at the University of California, Irvine, that preserves and provides access to Greek literary texts from Homer to the fall of Byzantium.",Linguistics # History # Philosophy
285,Loeb Classical Library Online,Not specified (Classicists),"A digital version of the famous green and red books, presenting Greek and Latin texts with facing English translations.",History # Linguistics # Philosophy
286,Library of Latin Texts,Not specified (Classicists),A database of Latin texts from antiquity to the 20th century.,Linguistics # History # Philosophy
287,Patrologia Latina Database,Not specified (Theologians),"An electronic version of the first edition of Jacques-Paul Migne's Patrologia Latina, comprising the works of the Latin Church Fathers.",Theology # History # Linguistics
288,Acta Sanctorum Database,Not specified (Hagiographers),"An electronic version of the complete printed text of Acta Sanctorum, the monumental hagiographical work of the Bollandists.",Hagiography # History # Linguistics
289,Medieval and Early Modern Data Bank,Not specified (Historians),"A project providing currency exchanges, prices, and wages data for the study of medieval and early modern economic history.",Economics # History # Linguistics
290,Iter: Gateway to the Middle Ages and Renaissance,Not specified (Various),A bibliographical database for scholars of the Middle Ages and Renaissance.,History # Linguistics # Philosophy
291,International Medieval Bibliography,Not specified (Bibliographers),"A multidisciplinary bibliography of Europe, North Africa, and the Near East (300-1500).",History # Linguistics # Philosophy
292,L'Année philologique,Not specified (Classicists),The reference bibliography for scholarly work on classical antiquity.,History # Linguistics # Philosophy
293,MLA International Bibliography,Not specified (Bibliographers),"A classified listing and subject index of scholarly books and articles on modern languages, literatures, folklore, and linguistics.",Linguistics # Folklore # History
294,JSTOR,Not specified (Various),"A digital library for scholars, researchers, and students, providing access to academic journal articles, books, and primary sources.",History # Linguistics # Philosophy
295,Project MUSE,Not specified (Various),A provider of digital humanities and social science content for the scholarly community.,History # Linguistics # Philosophy
296,Artstor,Not specified (Various),"A digital library of images in the areas of art, architecture, the humanities, and the sciences.",Art # Architecture # History
297,Early English Books Online (Duplicate),Not specified (Various),(Duplicate of 96) Another entry for EEBO.,History # Linguistics # Philosophy
298,Eighteenth Century Collections Online (Duplicate),Not specified (Various),(Duplicate of 97) Another entry for ECCO.,History # Linguistics # Philosophy
299,Burney Collection Newspapers,Not specified (Journalists),A digital collection of 17th and 18th-century newspapers and news pamphlets gathered by the Reverend Charles Burney.,Journalism # Chronicles # History
300,19th Century British Library Newspapers,Not specified (Journalists),A collection of national and regional newspapers from Victorian Britain.,Journalism # Chronicles # History
301,The Times Digital Archive,Not specified (Journalists),A searchable archive of The Times of London from 1785 to 2014.,Journalism # Chronicles # History
302,travel!digital,Not specified (Various),"A corpus of German travel guidebooks (Baedeker) and travel writings from 1875 to 1914, analyzed for linguistic patterns.",Linguistics # History # Philosophy
303,"Mächtekongresse 1818–1822. Digitale Edition der Dokumente zu den Kongressen von Aachen (1818), Troppau (1820), Laibach (1821) und Verona (1822)",Not specified (Diplomats),"A digital edition of the diplomatic documents from the Congresses of the Holy Alliance, regulating European politics after Napoleon.",Chronicles # Diplomacy # History
304,Tagebücher von Andreas Okopenko. Digitale Edition,Andreas Okopenko,"The diaries of the experimental Austrian writer Okopenko, covering the post-war period and the literary scene of the ""Wiener Gruppe.""",Biography # Military # History
305,Ulrich Richental die Chronik des Konzils von Konstanz,Ulrich Richental,"An illustrated chronicle of the Council of Constance (1414-1418), providing a vivid eyewitness account of the ecclesiastical gathering.",Chronicles # History # Linguistics
306,Franco-Hungarian literary relations in the 20th century/Les relations littéraires entre la France et la Hongrie au XXe siècle,Not specified (Various),A digital collection of documents tracing the reception and interaction between French and Hungarian literature in the 20th century.,Chronicles # History # Linguistics
307,Schnitzler Critical Digital Edition,Arthur Schnitzler,"A genetic critical edition of Schnitzler's works, starting with Lieutenant Gustl and Anatol, showing the development of the texts.",Criticism # History # Linguistics
308,Johann Georg Hamann: Kommentierte Briefausgabe,Johann Georg Hamann,"The correspondence of the ""Magus of the North,"" a philosopher who influenced Herder and Goethe with his critique of pure reason.",Philosophy # Correspondence # Criticism
309,Grundtvigs Vaerker (The complete works of N.F.S. Grundtvig),N.F.S. Grundtvig,"The massive collected works of Grundtvig, the pastor, poet, and politician who fundamentally shaped modern Danish national identity.",Chronicles # History # Religion
310,Die Korrespondenz von Leo von Thun-Hohenstein,Leo von Thun-Hohenstein,The correspondence of the Austrian minister who reformed the educational system after the 1848 revolutions.,Chronicles # Correspondence # Education
311,Inscriptions of Greek Cyrenaica - Greek Verse Inscriptions of Cyrenaica,Not specified (Inscribers),"A specialized collection of poetic inscriptions found in Cyrenaica, offering a glimpse into the literary culture of the province.",Epigraphy # Poetry # Anthropology
312,"Romualdus Beneventanus, Chronicon",Romuald of Salerno,A critical edition of the 12th-century universal chronicle written by the Archbishop Romuald II of Salerno.,Chronicles # History # Criticism
313,Samuel Hahnemann - Digitale kritische Edition - Krankenjournal DF5,Samuel Hahnemann,"An edition of the case journals of the founder of homeopathy, documenting his patients' symptoms and treatments.",Chronicles # History # Medicine
314,Arthur Schnitzler – Briefwechsel mit Autorinnen und Autoren,Arthur Schnitzler,"The correspondence between Schnitzler and fellow writers, revealing the literary networks of turn-of-the-century Vienna.",Correspondence # History # Linguistics
315,Lazarraga eskuizkribua: edizioa eta azterketa,Juan Pérez de Lazarraga,An edition of a recently discovered 16th-century manuscript containing the oldest known Basque pastoral romance and poetry.,Poetry # History # Linguistics
316,Protokolle des Bayerischen Staatsrats,Not specified (Ministers),"The minutes of the Bavarian Council of State, documenting the political decision-making process in the Kingdom of Bavaria.",Politics # Chronicles # History
317,The glosses to the first book of the Etymologiae of Isidore of Seville: a digital scholarly edition,Isidore of Seville (Text),"An edition of the early medieval glosses on Isidore's Etymologies, showing how this encyclopedic text was taught and understood.",History # Linguistics # Philosophy
318,In Search of the Drowned: Testimonies and Testimonial Fragments of the Holocaust,Not specified (Survivors),"A project analyzing the testimonies of Holocaust survivors, focusing on the linguistic and narrative structures of trauma.",Linguistics # History # Philosophy
319,Alexander von Humboldt: Sämtliche Schriften digital,Alexander von Humboldt,"A complete digital edition of Humboldt's published writings, including his essays, articles, and major monographs.",Science # History # Linguistics
320,Mystische Bücher in der Bibliothek der Kartause Erfurt. Digitale Edition,Not specified (Monks),"An exploration of the mystical texts held in the library of the Erfurt Charterhouse, a center of late medieval spirituality.",History # Linguistics # Philosophy
321,Peter Handke Notizbücher. Digitale Edition,Peter Handke,"A digital edition of the notebooks of the Nobel Prize winner Peter Handke, which serve as the ""ur-text"" for his published works.",History # Linguistics # Philosophy
322,Gottfried Semper. Critical and Commented Edition,Gottfried Semper,"A critical edition of the writings of the architect Gottfried Semper, exploring his theories on style, materials, and evolution in art.",Criticism # Architecture # Art
323,Thesaurus Inscriptionum Raeticarum,Not specified (Inscribers),"A complete corpus of inscriptions in the Raetic language, an ancient language of the Alps related to Etruscan.",Archaeology # Epigraphy # Linguistics
324,Lexicon Leponticum,Not specified (Inscribers),"An interactive etymological lexicon of the Lepontic language, the oldest attested Celtic language, found in Northern Italy.",Linguistics # History # Philosophy
325,Arthur Schnitzler – Chronik. Eine digitale Ressource zu den einzelnen Tagen seines Lebens,Arthur Schnitzler,"A detailed chronology of Schnitzler's life based on his diaries and letters, allowing users to trace his movements day by day.",Biography # Correspondence # History
326,Clara Katharina Pollaczek: Arthur Schnitzler und ich. Digitale Ausgabe,Clara Katharina Pollaczek,"The memoirs of Schnitzler's partner in his later years, providing an intimate portrait of the author and their relationship.",History # Linguistics # Philosophy
327,Aufenthaltsorte von Arthur Schnitzler (1879–1931),Arthur Schnitzler,"A geospatial visualization of the places Schnitzler visited or lived in, linked to his diary entries and correspondence.",Biography # Correspondence # History
328,Arthur Schnitzler: Lektüren. Digitale Edition der Leseliste von Arthur Schnitzler,Arthur Schnitzler,"A database of the books Schnitzler read, reconstructed from his diary entries, revealing his intellectual influences.",Biography # Philosophy # History
329,Arthur Schnitzler: Tagebuch. Digitale Edition,Arthur Schnitzler,"A digital edition of Schnitzler's complete diaries from 1879 to 1931, a monumental document of Viennese cultural history.",Anthropology # Biography # Chronicles
330,Arthur Schnitzler: Archiv der Zeitungsausschnitte,Arthur Schnitzler,"An archive of the newspaper clippings collected by Schnitzler, documenting the critical reception of his works.",Criticism # Journalism # History
331,Personen der Moderne Basis,Not specified (Various),"A prosopographical database of people mentioned in the various digital editions of Austrian modernism (Schnitzler, Kraus, etc.).",Chronicles # History # Linguistics
332,"Hermann Bahr – Arthur Schnitzler: Briefwechsel, Aufzeichnungen, Dokumente (1891–1931)",Bahr & Schnitzler,"The correspondence between the critic Hermann Bahr and Arthur Schnitzler, debating the literary trends of the fin de siècle.",Correspondence # History # Linguistics
333,Inscriptions of Roman Tripolitania (2021),Not specified (Inscribers),"An updated 2021 release of the IRT corpus, incorporating new technologies and scholarship on the inscriptions of Libya.",Epigraphy # History # Linguistics
334,"SAWS Kekaumenos, Consilia et Narrationes",Kekaumenos,"An edition of the Strategikon of Kekaumenos, an 11th-century advice book for Byzantine aristocrats on warfare and family life.",Biography # Genealogy # History
335,SAWS Dynamic Library,Not specified (Various),"A repository of gnomologies (collections of wise sayings) and wisdom literature in Greek and Arabic, exploring their transmission.",Archaeology # History # Linguistics
336,Die Urkunden und Akten des Klosters und des Oberamts Königsfelden,Not specified (Scribes),"A digital edition of the charters and administrative records of the Königsfelden Monastery, a Habsburg foundation.",Chronicles # History # Linguistics
337,MEGAdigital – Online-Abteilung der historisch-kritischen Gesamtausgabe von Karl Marx und Friedrich Engels,Marx & Engels,"The digital component of the MEGA project, presenting the complete works and letters of Marx and Engels with critical apparatus.",Correspondence # Criticism # Philosophy
338,Auden Musulin Papers: A Digital Edition of W. H. Auden's Letters to Stella Musulin,W. H. Auden,"The correspondence between Auden and the writer Stella Musulin during his later years in Austria, revealing his domestic side.",Correspondence # Poetry # History
339,Patristic Text Archive (PTA),Not specified (Church Fathers),"An archive of critical editions of texts by the Church Fathers (e.g., Athanasius, Gregory of Nyssa), available for digital analysis.",Religion # Criticism # History
340,Open Arabic Periodical Editions (OpenArabicPE),Not specified (Journalists),"A project digitizing early Arabic periodicals from the late 19th and early 20th centuries, a key source for the Nahda (Awakening).",Chronicles # History # Journalism
341,Korespondencja Jana Lechonia i Kazimierza Wierzyńskiego. Naukowa Edycja Cyfrowa,Lechoń & Wierzyński,"The correspondence between two major Polish poets of the Skamander group, documenting their exile in America.",Correspondence # History # Linguistics
342,Korespondencja Mieczysława Grydzewskiego i Kazimierza i Haliny Wierzyńskich. Naukowa Edycja Cyfrowa,Grydzewski & Wierzyński,Letters exchanged between the editor of the influential London-based Polish journal Wiadomości and the poet Wierzyński.,Correspondence # History # Linguistics
343,Die Ministerratsprotokolle Österreichs und der österreichisch-ungarischen Monarchie 1848–1918 – Digitale Edition,Not specified (Ministers),"The minutes of the Council of Ministers of the Habsburg Monarchy, the central executive body of the Austrian Empire.",Anatomy # Politics # History
344,Digital Scholarly Edition of Habsburg-Ottoman Diplomatic Sources 1500–1918,Not specified (Diplomats),A digital edition of sources documenting the diplomatic relations between the Habsburg Monarchy and the Ottoman Empire.,Diplomacy # Chronicles # History
345,Familiensache? Die Korrespondenz der Kaiserin Eleonora Magdalena (1655–1720),Eleonora Magdalena,"The correspondence of the Holy Roman Empress Eleonora Magdalena, offering insight into dynastic politics and court life.",Biography # Chronicles # Correspondence
346,Arthur Schnitzler: Mikroverfilmung des Cambridger Nachlasses,Arthur Schnitzler,A digital release of the microfilm archive of Schnitzler's literary estate held at Cambridge University.,Education # History # Linguistics
347,Renan Source,Ernest Renan,"A scholarly platform dedicated to Ernest Renan, the French philologist and historian known for his controversial Life of Jesus.",History # Biography # Chronicles
348,The Mary Hamilton Papers (c. 1740 – c. 1850),Mary Hamilton,"The diaries and correspondence of Mary Hamilton, a Bluestocking and courtier who knew Dr. Johnson and Horace Walpole.",Biography # Correspondence # History
349,Bullinger Digital,Heinrich Bullinger,"The massive correspondence of the Zurich Reformer Heinrich Bullinger, a central figure in the European Reformation network.",Correspondence # Religion # Theology
350,Akademieprotokolle,Not specified (Academics),"The minutes of the meetings of the Austrian Academy of Sciences, documenting the development of research in Austria.",Chronicles # History # Science
351,Hanslick Online,Eduard Hanslick,"A critical edition of the writings of the influential music critic Eduard Hanslick, champion of absolute music and opponent of Wagner.",Music # Criticism # History
352,Staribacher – Tagebücher,Josef Staribacher,"The diaries of the long-serving Austrian Trade Minister Josef Staribacher, known for his role in the ""Kreisky Era.""",Biography # Economics # Politics